YouTube,Notes,Length,ID,Author_English,Title_English,Author_Marathi,Title_Marathi,Acts,Genre,Genre_Marathi,First Performance Year,Submitted By,Males,Females,Pages,Property,Year of Writing,Availability,Certified By,Length (in minutes),Select,Performance Dates,Date,Data Source,Verified,Synopsis,Script Status,Author_First_English,Author_Last_English,Author_First_Marathi,Author_Last_Marathi
None,,42,188,Kshitij Patwardhan,35 Nepiency Road,क्षितिज पटवर्धन ,३५ नेपियन्सी रोड,0,,,2024,Vijay Kenkare,0,0,0,,0,,,0,0,,,,,,,Kshitij,Patwardhan,क्षितिज,पटवर्धन
None,[Research] Dir. Vijay Kenkre; author match confirmed (Dr. Shweta Pendse) | [Genre detail] Mystery/suspense drama,0,101,Dr. Shwtea Pendse,38 Krishna Villa,डॉ. श्वेता पेंडसे,३८ कृष्ण व्हिला,2,Mystery/Suspense,रहस्य/उत्कंठा,2022,Mukund Marathe,0,0,0,,0,,,0,0,,,https://www.tv9marathi.com/entertainment/marathi-cinema/vijay-kenkre-girish-oak-shweta-pendase-new-play-38-krishna-villa-662358.html,N,,,Shwtea,Pendse,श्वेता,पेंडसे
https://www.youtube.com/watch?v=CPlmkQKpBVs,,0,95,Sujit Saraf,9 to 5,सुजीत सराफ,9 टू 5,2,,,2024,Mukund Marathe,0,0,0,,0,,,0,0,,,,,,,Sujit,Saraf,सुजीत,सराफ
https://www.youtube.com/watch?v=dFXroN9AgOs(Trailer),English | [Synopsis source] https://en.wikipedia.org/wiki/Collected_Stories_(play),0,120,Donald Marguiles,Collected Stories ,डोनाल्ड मारग्युल्स,Collected Stories ,2,,,2024,,0,0,0,,0,,,0,0,,,https://en.wikipedia.org/wiki/Collected_Stories_(play),N,"A veteran short-story writer and teacher, Ruth Steiner, mentors an insecure young student, Lisa Morrison, who over six years grows into a successful novelist; when Lisa publishes a novel drawn from Ruth's own long-ago affair with a famous poet, the two clash over whether a person's private life is fair material for someone else's fiction.",,Donald,Marguiles,डोनाल्ड,मारग्युल्स
none,,0,152,Pradeep Rane,Eureka Eureka,प्रदीप राणे,Eureka Eureka,0,,,2024,Vijay Kenkare,0,0,0,,0,,,0,0,,,,,,,Pradeep,Rane,प्रदीप,राणे
none,,0,144,Shafaat Khan,M आणि K,शफाअत खान,M आणि K,0,,,2024,Vijay Kenkare,0,0,0,,0,,,0,0,,,,,,,Shafaat,Khan,शफाअत,खान
,,0,126,Hanoji Bala,Some,होनाजी बाळा ,Some,4,,,2024,Vijay Kenkare,0,0,0,,0,,,0,0,,,,,,,Hanoji,Bala,होनाजी,बाळा
https://www.youtube.com/watch?v=RdD3hxa82bE (Preview),,0,193,Atul Pethe,Adalay Ka?,अतुल पेठे,अडलंय का?,4,,,2024,Mahesh Elkunchwar,0,0,0,,0,,,0,0,,,,,,,Atul,Pethe,अतुल,पेठे
None,,0,25,Pu La Deshpande,Adala Hari,पु.ल. देशपांडे,अडला हरी,1,,,2024,Avadhoot Bhambare,0,0,0,,0,,,0,0,,,,,,,Pu La,Deshpande,पु.ल.,देशपांडे
none,,0,139,Rajeev Naik,Other,राजीव नाईक ,अदर,0,,,2024,Vijay Kenkare,0,0,0,,0,,,0,0,,,,,,,Rajeev,Naik,राजीव,नाईक
none,,0,191,Bernard Brekhat,Another,बेर्नाड ब्रेखत ,अनदर,0,,,2024,Vijay Kenkare,0,0,0,,0,,,0,0,,,,,,,Bernard,Brekhat,बेर्नाड,ब्रेखत
None,Podcast:  https://www.youtube.com/watch?v=Jfgp9v3z2DU,0,192,Ambar Hadap,Arja Motha Nami,अंबर हडप ,अर्ज मोठा नामी ,0,,,2024,Vijay Kenkare,0,0,0,,0,,,0,0,,,,,,,Ambar,Hadap,अंबर,हडप
None,[Research] Published as text in ऐसीअक्षरे (Diwali 2015 online issue); unclear if staged | [Genre detail] One-act / Absurdist dialogue,0,88,Jaydeep Chipalkatti,Albatross Sandwich,जयदीप चिपलकट्टी,अलबॅट्रॉस सॅंडविच,1,Absurdist,असंगत,2024,Avadhoot Bhambare,0,0,0,,2015,,,0,0,,,https://www.aisiakshare.com/node/4498,N,,,Jaydeep,Chipalkatti,जयदीप,चिपलकट्टी
https://www.youtube.com/watch?v=5HZYa1s1OXo,[Research] Kanetkar's most successful play; Hindi film version won 1966 Filmfare Best Story | [Genre detail] Social/family drama | [Script Status] Auto-suggested 'Obtainable' from confirmed publication info; not yet confirmed.,0,132,Vasant Kanetkar,Ashrunchi Jhali Phule,वसंत कानेटकर,अश्रूंची झाली फुले,0,Family Drama,कौटुंबिक नाटक,1962,Vijay Kenkare,0,0,0,,0,Published — Popular Prakashan,,0,0,,,https://mr.wikipedia.org/wiki/वसंत_कानेटकर,N,,Obtainable,Vasant,Kanetkar,वसंत,कानेटकर
https://www.youtube.com/watch?v=aAUW0STtQRQ,,0,153,Pradeep Rane,Aham Avam,प्रदीप राणे,अहं अवं,0,,,2024,Vijay Kenkare,0,0,0,,0,,,0,0,,,,,,,Pradeep,Rane,प्रदीप,राणे
None,,0,94,Sharad Navare,Einstein,शरद नवरे,आईनस्टाईन,2,,,2024,Avadhoot Bhambare,0,0,0,,0,,,0,0,,,,,,,Sharad,Navare,शरद,नवरे
https://www.youtube.com/watch?v=7RRexe9mb4I,"Language | [Research] Confirmed real Mrozek play; no Marathi translation/production found | [Genre detail] Absurdist, one-act (original Polish work) | [Synopsis source] https://pl.wikipedia.org/wiki/Na_pełnym_morzu — Synopsis is for Mrozek's original Polish play; no Marathi-specific production details found",0,91,Slawomir Mrozek,Out At Sea,स्लावोमिर म्रोझेक,आऊट ऍट सी,1,Absurdist,असंगत,2024,Mukund Marathe,0,0,0,,1961,,,0,0,,,https://en.wikipedia.org/wiki/Sławomir_Mrożek,N,"A group of three men adrift on a raft after a shipwreck run out of food, and since none will volunteer to be sacrificed and eaten to save the others, they try to settle the matter through a mock-democratic process of nominations, campaign speeches, and a vote, with the process breaking down amid manipulation and an invalid ballot.",,Slawomir,Mrozek,स्लावोमिर,म्रोझेक
https://www.youtube.com/watch?v=WBTCxi1THYQ  https://www.youtube.com/watch?v=kBAyyzzxtOc https://www.youtube.com/watch?v=wzfAcgKEESA,[Research] Details are for original Hindi play; Marathi translator not confirmed | [Genre detail] Family/social drama; Translation/Adaptation from Hindi (Mohan Rakesh) | [Synopsis source] https://en.wikipedia.org/wiki/Mohan_Rakesh — Synopsis is for Mohan Rakesh's Hindi original; Marathi translator not confirmed,0,179,Mohan Rakesh,Aadhe Adhuri,मोहन राकेश,आधे अधुरे,0,Family Drama,कौटुंबिक नाटक,1969,Vijay Kenkare,0,0,0,,1969,,,0,0,,,https://abhivyakti.life/2021/01/12/मोहन-राकेश-कृत-आधे-अधुरे/,N,"The play follows a middle-class urban Indian family and portrays how traditional relationships and values become strained and incomplete as society modernizes, centering on the tensions within a troubled marriage.",,Mohan,Rakesh,मोहन,राकेश
https://www.youtube.com/watch?v=Y1zbdE8ghVo,,0,92,Rajeev Naik,Aapsatlya Goshti,राजीव नाईक,आपसातल्या गोष्टी,1,,,2024,Vidyullata Mahabal,0,0,0,,0,,,0,0,,,,,,,Rajeev,Naik,राजीव,नाईक
None,[Script Status] Auto-suggested 'Obtainable' from confirmed publication info; not yet confirmed.,0,2,Pramod Khadilkar,Aabhas,प्रमोद खाडिलकर,आभास,1,Other,इतर,2024,Nilaj Rukadikar ,0,0,0,Unknown,0,Print,,200,0,,,,N,,Obtainable,Pramod,Khadilkar,प्रमोद,खाडिलकर
None,,0,121,Arvind Kulkarni,Amchahi Kukud Chuk,अरविंद कुळकर्णी,आमचंही कुकूड चूक,1,,,2024,,0,0,0,,0,,,0,0,,,,,,,Arvind,Kulkarni,अरविंद,कुळकर्णी
,,0,142,Shafaat Khan,Aamaar Bangla Shonar Bangla,शफाअत खान,आमार बांगला शोनार बांगला,0,,,2024,Vijay Kenkare,0,0,0,,0,,,0,0,,,,,,,Shafaat,Khan,शफाअत,खान
None,,0,16,Yogesh Shejwalkar,Identity,योगेश शेजवलकर,आयडेंटीटी,1,,,2024,Avadhoot Bhambare,0,0,0,,0,,,0,0,,,,,,,Yogesh,Shejwalkar,योगेश,शेजवलकर
None,,0,59,Guljaar/Mandar Kulkarni,Alishaan,गुलजार आणि मंदार कुलकर्णी,आलिशान,1,,,2024,Mandar Kulkarni,0,0,0,,0,,,0,0,,,,,,,,Guljaar,,गुलजार
https://www.youtube.com/watch?v=6_xSf_XTSxk,[Research] Marathi version of Mohan Rakesh's Hindi original; won 1959 Sangeet Natak Akademi Award | [Genre detail] Translation/Adaptation from Hindi; Historical/Tragedy | [Synopsis source] https://en.wikipedia.org/wiki/Ashadh_Ka_Ek_Din — Synopsis is for Mohan Rakesh's Hindi original; Marathi translator not confirmed,0,181,Mohan Rakesh,Ashadh Ka Ek Din,मोहन राकेश,आषाढ का एक दिन ,0,Historical/Tragedy,ऐतिहासिक/शोकात्मक,2024,Vijay Kenkare,0,0,0,,1958,,,0,0,,,https://hi.wikipedia.org/wiki/आषाढ_का_एक_दिन,N,"The play follows the poet Kalidas, who must choose between his quiet life in the village with his beloved Mallika and an invitation to join King Chandragupta's court in the city of Ujjayini; urged by Mallika to pursue his ambition, he leaves for the city, and the story traces the personal cost of the fame he goes on to achieve.",,Mohan,Rakesh,मोहन,राकेश
https://www.youtube.com/watch?v=CgOaJ77Np6E,,0,7,Ratnakar Matkari,Indira,रत्नाकर मतकरी  ,इंदिरा,2,,,2024,Nilaj Rukadikar ,0,0,0,,0,,,0,0,,,,,,,Ratnakar,Matkari,रत्नाकर,मतकरी
none,,0,178,Baadal Sarkar,Insha Allah,बादल सरकार,इन्शा अल्लाह ,0,,,2024,Vijay Kenkare,0,0,0,,0,,,0,0,,,,,,,Baadal,Sarkar,बादल,सरकार
https://www.youtube.com/watch?v=vC_pKs-OUOs,,38,113,Chaitanya Sardeshpande,Ukli,चैतन्य सरदेशपांडे,उकळी,1,,,2024,Avadhoot Bhambare,0,0,0,,0,,,0,0,,,,,,,Chaitanya,Sardeshpande,चैतन्य,सरदेशपांडे
None,"[Research] Confirmed performed by Aasakt (Pune); possibly adapts a Girish Karnad play, unverified which | [Genre detail] Translation/Adaptation (source play unconfirmed)",0,43,Girish Karnad/Pradip Vaidya,Une Pure SHahar Ek,गिरीश कर्नाड आणि प्रदीप वैद्य,उणे पुरे शहर एक,2,Adaptation,रूपांतर,2024,Avadhoot Bhambare,0,0,0,,0,,,0,0,,,https://www.maayboli.com/node/53814,N,,,Girish,Karnad,गिरीश,कर्नाड
None,[Synopsis source] https://en.wikipedia.org/wiki/Uttararamacharita | [Research: Acts/Duration/Cast] Sanskrit original stated to be in seven acts (https://en.wikipedia.org/wiki/Uttararamacharita),0,99, DIlip Dhonde Kulkarni,UttarRam Charit,दिलीप धोंडो कुलकर्णी ,उत्तरराम चरीत,7,,,2024,Avadhoot Bhambare,0,0,0,,0,,,0,0,,,https://en.wikipedia.org/wiki/Uttararamacharita,N,"This Marathi rendering follows Bhavabhuti's Sanskrit classic Uttar Ram Charit, in which Rama, after his coronation, banishes his pregnant wife Sita due to public doubts about her chastity; she raises their twin sons Lava and Kusha in exile over twelve years while Rama lives in remorse, and the story moves toward their eventual reunion.",,DIlip Dhonde,Kulkarni,दिलीप धोंडो,कुलकर्णी
None,,0,82,Rajeev Naik,Udo Udo,राजीव नाईक,उदो उदो,1,,,2024,Avadhoot Bhambare,0,0,0,,0,,,0,0,,,,,,,Rajeev,Naik,राजीव,नाईक
None,,0,10,Yogesh Soman,Act,योगेश सोमण,ऍक्ट,1,,,2024,Niranjan Page,0,0,0,,0,,,0,0,,,,,,,Yogesh,Soman,योगेश,सोमण
None,,0,147,Dilip Jagtaap,Ek Ande Futle,दिलीप जगताप,एक अंडे फुटले,0,,,2024,Vijay Kenkare,0,0,0,,0,,,0,0,,,,,,,Dilip,Jagtaap,दिलीप,जगताप
None,"[Research] Adaptation credited as ""The Last Appointment""; original author/language unconfirmed | [Genre detail] Adaptation (Drama) | [Script Status] Auto-suggested 'Obtainable' from confirmed publication info; not yet confirmed.",0,19,Pu La Deshpande,Ek Zhunja Waaryaashee,पु.ल. देशपांडे,एक झुंज वाऱ्याशी,2,Adaptation,रूपांतर,2024,Mukund Marathe,0,0,0,,1994,Published — Mauj Prakashan,,0,0,,,https://mr.wikipedia.org/wiki/पु.ल._देशपांडे,N,,Obtainable,Pu La,Deshpande,पु.ल.,देशपांडे
https://www.youtube.com/watch?v=_rQMfWMUHqc https://www.youtube.com/watch?v=D4Vp_3k0fJg,,0,58,Va. Pu. Kale,Eka Mithichi Katha,व. पु. काळे,एका मिठीची कथा,1,,,2024,Mukund Marathe,0,0,0,,0,,,0,0,,,,,,,Va. Pu.,Kale,व. पु.,काळे
https://www.youtube.com/watch?v=7N9ZU9hFzLU,,125,38,Arvind Limaye,EXIT,अरविंद लिमये,एक्झिट,1,,,2024,Avadhoot Bhambare,0,0,0,,0,,,0,0,,,,,,,Arvind,Limaye,अरविंद,लिमये
none,,0,47,Bhalchandra Pandit,एडीज् लाईव्ह शो,भालचंद्र पंडित,एडीज् लाईव्ह शो,1,,,2024,Avadhoot Bhambare,0,0,0,,0,,,0,0,,,,,,,Bhalchandra,Pandit,भालचंद्र,पंडित
https://www.youtube.com/watch?v=HcMcRkGTTuk,"[Research] No Marathi translator/publisher found | [Genre detail] Absurdist drama; Translation/Adaptation from Bengali (Badal Sarkar's ""Ebong Indrajit"") | [Availability detail] Rights: original by Badal Sarkar; Marathi publisher/translator not confirmed | [Synopsis source] https://en.wikipedia.org/wiki/Evam_Indrajit — Synopsis is for Badal Sarkar's Bengali original; Marathi translator not confirmed | [Research: Acts/Duration/Cast] Wikipedia describes the play's first, second, third act (https://en.wikipedia.org/wiki/Evam_Indrajit)",0,174,Baadal Sarkar,Evam Indrajit,बादल सरकार,एवं इंद्रजीत,3,Absurdist,असंगत,2024,Vijay Kenkare,0,0,0,,1963,Rights unclear,,0,0,,,https://hindi.newsclick.in/Badal-Sircar-Father-of-third-stream-of-theater,N,"A writer sets out to document the story of Indrajit, an ordinary man, alongside three other middle-class characters living repetitive, unfulfilling lives; over three acts spanning seven years, it uses absurdist theatre to show Indrajit straining against social conformity before ultimately accepting his mundane existence.",,Baadal,Sarkar,बादल,सरकार
none,,0,171,Makarand Sathe,Ais Pais Soyina Bais,मकरंद साठे,ऐस पैस सोयीने बैस ,0,,,2024,Vijay Kenkare,0,0,0,,0,,,0,0,,,,,,,Makarand,Sathe,मकरंद,साठे
none,,0,54,Niteen Dev,Open Challenge,नितीन देव,ओपन चॅलेंज,1,,,2024,Nitin Deo,0,0,0,,0,,,0,0,,,,,,,Niteen,Dev,नितीन,देव
https://www.youtube.com/watch?v=a1zBuWLIuUg,,00:30.00,74,Vijay Tendulkar ,Olakh,विजय तेंडुलकर,ओळख,1,,,2024,Anand Ghanekar,1,1,0,,0,,,0,0,,,,,,,Vijay,Tendulkar,विजय,तेंडुलकर
none,,0,169,Vilas Sarang,Katha Ardhyamurdhya,विलास सारंग,कथा अर्ध्यामुर्ध्या,0,,,2024,Vijay Kenkare,0,0,0,,0,,,0,0,,,,,,,Vilas,Sarang,विलास,सारंग
None,,0,172,Devendraraj Ankur,Kathakaar Manch,देवेंद्रराज अंकुर,कथाकार मंच ,0,,,2024,Vijay Kenkare,0,0,0,,0,,,0,0,,,,,,,Devendraraj,Ankur,देवेंद्रराज,अंकुर
"https://www.youtube.com/watch?v=Ox0Xq4o7NI8
https://www.youtube.com/watch?v=OXxACoJ0ev8","[Research] Won Saraswati Samman 1984; theme of inter-caste marriage | [Synopsis source] https://mr.wikipedia.org/wiki/कन्यादान_(नाटक) | [Research: Availability follow-up] Bonus find: original submission row, not part of the 27-play gap list",0,22,Vijay Tendulkar ,Kanyadaan ,विजय तेंडुलकर,कन्यादान,2,Social Drama,सामाजिक नाटक,1983,Mukund Marathe,0,0,0,,0,Published — Popular Prakashan,,0,0,,,https://popularprakashan.com/mr/product-category/नाटक/page/2/,N,"In an idealistic upper-caste household, daughter Jyoti marries Arun, a Dalit poet with radical views, with her father Nath Devlalikar, a Gandhian social leader, eagerly blessing the match on egalitarian principles; after the wedding Arun turns violent toward Jyoti, and the play tests Devlalikar's idealism against that harsh reality.",Obtainable,Vijay,Tendulkar,विजय,तेंडुलकर
https://www.youtube.com/watch?v=-w_H_U9IQQc,,0:18:45,37,Vijay Tendulkar ,Kalokh,विजय तेंडुलकर,काळोख,1,,,2024,Anand Ghanekar,2 (+),4 (+),0,,0,,,0,0,,,,,,,Vijay,Tendulkar,विजय,तेंडुलकर
none,,0,49,Vijay Tendulkar ,Kahi Khara Nahi,विजय तेंडुलकर,काही खरं नाही,1,,,2024,Avadhoot Bhambare,0,0,0,,0,,,0,0,,,,,,,Vijay,Tendulkar,विजय,तेंडुलकर
none,"[Research] Marathi title राजा लिअर; notable 2016 Kolhapur staging documented, unclear if premiere | [Genre detail] Translation (Shakespeare's King Lear) | [Synopsis source] https://en.wikipedia.org/wiki/King_Lear",0,186,Vinda Karandikar,King Liar (Translation),विंदा करंदीकर,किंग लियर भाषांतर,0,Adaptation,रूपांतर,2024,Vijay Kenkare,0,0,0,,1974,,,0,0,,,https://mr.wikipedia.org/wiki/विंदा_करंदीकर,N,"Vinda Karandikar's Marathi translation of Shakespeare's King Lear: the aging King Lear decides to divide his kingdom among his three daughters based on how extravagantly each professes her love for him, richly rewarding the flattering Goneril and Regan while disinheriting the honest Cordelia for refusing to flatter him, setting off the tragic consequences of his misjudgment.",,Vinda,Karandikar,विंदा,करंदीकर
Review video ; https://www.youtube.com/watch?v=ddTLNnS-5YY,,0,143,Shafaat Khan,Kisse,शफाअत खान,किस्से ,0,based on Panchtantra story concept,पंचतंत्र कथाबीजावर आधारित,2024,Vijay Kenkare,4,,0,,0,,,0,0,,,,,,,Shafaat,Khan,शफाअत,खान
None,,0,190,दंडवते,Kulavruttant,दंडवते,कुलवृत्तांत ,0,,,2024,Vijay Kenkare,0,0,0,,0,,,0,0,,,,,,,,दंडवते,,दंडवते
https://www.youtube.com/watch?v=D3azzqM9PdA  https://www.youtube.com/watch?v=DA23hIjfCgM,[Research] Subtitle implies unpredictable ending; widely staged | [Script Status] Auto-suggested 'Obtainable' from confirmed publication info; not yet confirmed.,0,27,Yogesh Soman,Case No 99,योगेश सोमण,केस नं ९९,2,Comedy/Mystery-thriller,विनोदी/रहस्यमय,2024,Avadhoot Bhambare,0,0,0,,0,Published — Aabha Prakashan,,0,0,,,https://www.bookganga.com/eBooks/Books/Details/4764561884360533564,N,,Obtainable,Yogesh,Soman,योगेश,सोमण
None,,0,187,Dilip Purushottam CHitre,Kesal Kalabhor Pillu,दिलीप पुरुषोत्तम चित्रे,केसाळ काळभोर पिल्लू ,0,,,2024,Vijay Kenkare,0,0,0,,0,,,0,0,,,,,,,Dilip Purushottam,CHitre,दिलीप पुरुषोत्तम,चित्रे
None,"[Research] Written approx. mid-1990s per review; revived 2024; Upendra Limaye in early staging | [Genre detail] Social drama/Satire (caste, reservation) | [Synopsis source] https://mr.wikipedia.org/wiki/कोण_म्हणतो_टक्का_दिला",0,134,Sanjay Pavar,Kon Mhantat Takka Dila,संजय पवार,कोण म्हणत टक्का दिला ,0,Social Drama/Satire,सामाजिक नाटक/उपहासात्मक,2024,Vijay Kenkare,0,0,0,,0,,,0,0,,,https://www.loksatta.com/manoranjan/marathi-natak-kon-mhanta-takka-dila-review-by-loksatta-ravindra-pathare-zws-70-4380432/,N,"In Sanjay Pawar's satire, after fifty years of caste-based reservation policy the central government orders every upper-caste family to employ one backward-caste person to promote social unity; when Kach, a mythological figure reborn into a lower caste, joins one such household, the family's polite facade cracks to expose their hidden prejudices and hypocrisy.",,Sanjay,Pavar,संजय,पवार
https://www.youtube.com/watch?v=pattOqOxFy8,,102,68,Laxman Londhe,Koham,लक्ष्मण लोंढे,कोहम,1,,,2024,Chaitanya Godsay,0,0,0,,0,,,0,0,,,,,,,Laxman,Londhe,लक्ष्मण,लोंढे
none,,0,52,Niraj Shirvaikar,Khara Khara Saang,नीरज शिरवईकर,खरं खरं सांग,1,,,2024,Mukund Marathe,0,0,0,,0,,,0,0,,,,,,,Niraj,Shirvaikar,नीरज,शिरवईकर
https://www.youtube.com/watch?v=OmRV3TO9AS0 multiple parts available,,0,44,Madhurani Sapre,Khidki,मधुराणी सप्रे,खिडकी,1,,,2024,मधुराणी सप्रे,0,0,0,,0,,,0,0,,,,,,,Madhurani,Sapre,मधुराणी,सप्रे
None,"[Research] Full title: खुर्च्या (भाड्याने आणलेल्या): एक न-नाट्य; meant to be read, not staged | [Genre detail] Absurdist/Satire (labeled a 'non-play') | [Availability detail] Published — Mauj Prakashan (in 'उरलं सुरलं' collection, 1999) | [Script Status] Auto-suggested 'Obtainable' from confirmed publication info; not yet confirmed.",0,122,Pu La Deshpande,Khurchyaa,पु.ल. देशपांडे,खुर्च्या,1,Absurdist/Satire,असंगत/उपहासात्मक,2024,Avadhoot Bhambare,0,0,0,,1999,Published — Mauj Prakashan,,0,0,,,https://mr.wikipedia.org/wiki/उरलं_सुरलं_(पुस्तक),N,,Obtainable,Pu La,Deshpande,पु.ल.,देशपांडे
,,0,24,Shirish Latkar,Khel,शिरीष लाटकर,खेळ,1,,,2024,Avadhoot Bhambare,0,0,0,,0,,,0,0,,,,,,,Shirish,Latkar,शिरीष,लाटकर
None,,0,96,Jayant Naralikar,Gangadhar Pantanche Panipat,जयंत नारळीकर,गंगाधरपंतांचे पानिपत,1,,,2024,Avadhoot Bhambare,0,0,0,,0,,,0,0,,,,,,,Jayant,Naralikar,जयंत,नारळीकर
" https://www.youtube.com/watch?v=um9kQmuMZFk
https://www.youtube.com/results?search_query=Yogesh+Soman+Gappa
https://www.youtube.com/watch?v=0KCkC5wvFsA",,0,6,Yogesh Soman,Gappa,योगेश सोमण,गप्पा,1,,,2024,Samruddhi Ghaisas,0,0,0,,0,,,0,0,,,,,,,Yogesh,Soman,योगेश,सोमण
None,,0,50,Pradip Vaidya,Gabhara,प्रदीप वैद्य,गाभारा,1,,,2024,Sayli Apte,0,0,0,,0,,,0,0,,,,,,,Pradip,Vaidya,प्रदीप,वैद्य
https://youtu.be/hl-LHvhdOiU?si=XZBtkPKVYx88dSRC,,0,160,Dr. Chandrashekhar Phansalkar,Girhaeek,डॉ. चंद्रशेखर फणसळकर,गिर्हाईक ,0,,,2024,Vijay Kenkare,0,0,0,,0,,,0,0,,,,,,,Chandrashekhar,Phansalkar,चंद्रशेखर,फणसळकर
None,,0,21,Vinay Narayane ,Gunphan ,विनय नारायणे,गुंफण,1,,,2024,Niranjan Page,0,0,0,,0,,,0,0,,,,,,,Vinay,Narayane,विनय,नारायणे
https://www.youtube.com/watch?v=TqdDhy_KTzY,English | [Research] No Marathi translation located | [Genre detail] Black comedy/Satire (original French/English play by Yasmina Reza) | [Availability detail] Original published — Faber & Faber; no Marathi adaptation found | [Synopsis source] https://en.wikipedia.org/wiki/God_of_Carnage — Synopsis is for Yasmina Reza's original; no Marathi translation confirmed,0,119,Yasmina Reza,God of Carnage (English),यस्मीना रेझा,गॉड अॉफ कारनेज,2,Black Comedy/Satire,काळी विनोदी/उपहासात्मक,"2006 (Zurich, Schauspielhaus Zürich)",Mugdha Godse,0,0,0,,2006,No Marathi translation found,,0,0,,,https://en.wikipedia.org/wiki/God_of_Carnage,N,"Two Parisian couples meet civilly to discuss a playground fight in which one boy hit the other with a stick, knocking out two teeth, but as the evening goes on the adults' polite mediation collapses into escalating pettiness, drunkenness, and mutual accusations covering sexism, racism, and marital resentment.",,Yasmina,Reza,यस्मीना,रेझा
https://www.youtube.com/watch?v=LXz9iu010JA,,0,48,Harry William,Gochi Shakuntal,हॅरी विलियम,गोची शाकुंतल,1,,,2024,Sanjay Pachpande,0,0,0,,0,,,0,0,,,,,,,Harry,William,हॅरी,विलियम
None,"[Research] Full title: गोदूची वाट: एक प्रतीक-नाट्य | [Availability detail] Published — Mauj Prakashan (in 'उरलं सुरलं' collection, 1999) | [Script Status] Auto-suggested 'Obtainable' from confirmed publication info; not yet confirmed.",0,26,Pu La Deshpande,Goduchi Vaat ,पु.ल. देशपांडे,गोदूची वाट,1,Symbolic play (प्रतीक-नाट्य),प्रतीक-नाट्य,2024,Avadhoot Bhambare,0,0,0,,1999,Published — Mauj Prakashan,,0,0,,,https://mr.wikipedia.org/wiki/उरलं_सुरलं_(पुस्तक),N,,Obtainable,Pu La,Deshpande,पु.ल.,देशपांडे
https://www.youtube.com/watch?v=dM0XK7CUEGY,,0,70,Vikram Watave,Chandrapur Chya Jangalat,विक्रम वाटवे,चंद्रपूरच्या जंगलात,1,,,2024,Vikram Watave,0,0,0,,0,,,0,0,,,,,,,Vikram,Watave,विक्रम,वाटवे
None,[Research] Title listed as example of Marathi absurdist play; authorship by Vaze not explicitly confirmed there,0,140,Achyut Vaze,Chal Re Bhoplya Tunuk Tunuk,अच्युत वझे,चल रे भोळ्या टुणूक टुणूक,0,Absurdist,असंगत,2024,Vijay Kenkare,0,0,0,,0,,,0,0,,,https://mr.wikipedia.org/wiki/असंगत_नाट्य,N,,,Achyut,Vaze,अच्युत,वझे
none,[Research] Established Sathe's reputation via 1990s Theatre Academy workshop | [Availability detail] English translation published as 'Mr. Sapatnekar's Child & Four Billion Forgetfuls'; Marathi publisher not specified | [Script Status] Auto-suggested 'Obtainable' from confirmed publication info; not yet confirmed. | [Script Status] Reverted auto-'Obtainable' to Unknown — Availability lacks a concrete named source.,0,163,Makarand Sathe,Charshe Koti Visarbhole,मकरंद साठे,चारशे कोटी विसरभोळे,0,,,2024,Vijay Kenkare,0,0,0,,0,Published; publisher unconfirmed,,0,0,,,https://mr.wikipedia.org/wiki/मकरंद_साठे,N,,,Makarand,Sathe,मकरंद,साठे
none,,0,149,Pradeep Rane,Chiutai Chiutai Daar Ughad,प्रदीप राणे,चिऊताई चिऊताई दार उघड,0,,,2024,Vijay Kenkare,0,0,0,,0,,,0,0,,,,,,,Pradeep,Rane,प्रदीप,राणे
https://youtu.be/qNakDjt8ccQ?si=Kbb02AdIivZA8HGR,[Research] Also a 2017 Zee Marathi TV serial of the same name | [Availability detail] Published (book); publisher not specified | [Script Status] Auto-suggested 'Obtainable' from confirmed publication info; not yet confirmed. | [Script Status] Reverted auto-'Obtainable' to Unknown — Availability lacks a concrete named source.,0,28,Dilip Prabhavalkar,Chuk Bhul Dyavi Ghyavi,दिलीप प्रभावळकर,चूक भूल द्यावी घ्यावी,1,,,2024,Sneha Gharpure,0,0,0,,0,Published; publisher unconfirmed,,0,0,,,https://mr.wikipedia.org/wiki/दिलीप_प्रभावळकर,N,,,Dilip,Prabhavalkar,दिलीप,प्रभावळकर
https://www.youtube.com/watch?v=sihfnkHAubA,,0,64,Anup Upadhye,Chetana,अनुप उपाध्ये,चेतना,1,,,2024,Anup Upadhye,0,0,0,,0,,,0,0,,,,,,,Anup,Upadhye,अनुप,उपाध्ये
none,,0,45,Vasant Sabnis,Chor Ale Pahijet,वसंत सबनीस,चोर आले पाहिजेत ,1,,,2024,Sneha Gharpure,0,0,0,,0,,,0,0,,,,,,,Vasant,Sabnis,वसंत,सबनीस
none,[Research] Co-directed by Atul Pethe & Sathe; staged 38 times per Marathi Wikipedia | [Genre detail] Allegorical/social drama | [Synopsis source] https://mr.wikipedia.org/wiki/मकरंद_साठे,0,166,Makarand Sathe,Chowk,मकरंद साठे,चौक ,0,Social Drama,सामाजिक नाटक,2024,Vijay Kenkare,0,0,0,,0,,,0,0,,,https://mr.wikipedia.org/wiki/मकरंद_साठे,N,"After a massive traffic jam paralyzes a busy street in Pune, the play uses the resulting standstill and chaos as an allegory to explore broader social and human predicaments.",,Makarand,Sathe,मकरंद,साठे
none,,0,41,Rajesh Sharma,Chakke Panje,राजेश शर्मा,छक्के पंजे ,2,,,2024,Avadhoot Bhambare,0,0,0,,0,,,0,0,,,,,,,Rajesh,Sharma,राजेश,शर्मा
https://www.youtube.com/watch?v=9r6ewoRKXHg,[Research] A 1968 film of same name won National Film Award (2nd best Marathi film) | [Availability detail] Published; publisher not specified | [Script Status] Auto-suggested 'Obtainable' from confirmed publication info; not yet confirmed. | [Script Status] Reverted auto-'Obtainable' to Unknown — Availability lacks a concrete named source.,0,61,Ratnakar Matkari,Javai Majha Bhala,रत्नाकर मतकरी  ,जावई माझा भला,2,,,2024,Mukund Marathe,0,0,0,,0,Published; publisher unconfirmed,,0,0,,,https://mr.wikipedia.org/wiki/रत्नाकर_मतकरी,N,,,Ratnakar,Matkari,रत्नाकर,मतकरी
https://www.youtube.com/watch?v=3VZElNwI6HY&list=PL575BD16E11CC6B5A,clip | [Research] Baban Prabhu's most celebrated play; cited as example of modern Marathi farce; also a 1986 TV adaptation | [Genre detail] Farce (प्रहसन),3,67,Baban Prabhu,Zopi Gelela Jaga Zala,बबन प्रभु,झोपी गेलेला जागा झाला,2,Farce,प्रहसन,2024,Mukund Marathe,0,0,0,,0,,,0,0,,,https://mr.wikipedia.org/wiki/प्रहसन,N,,,Baban,Prabhu,बबन,प्रभु
None,,0,80,Yogesh Shejwalkar,Tuntunapur,योगेश शेजवलकर,टुणटुणापूर,1,,,2024,Avadhoot Bhambare,0,0,0,,0,,,0,0,,,,,,,Yogesh,Shejwalkar,योगेश,शेजवलकर
https://youtu.be/vC9da6CoppA?si=gPH6rMzjnXtksbkm,,0,157,Dr. Chandrashekhar Phansalkar,Tax Free,डॉ. चंद्रशेखर फणसळकर,टॅक्स फ्री,0,,,2024,Vijay Kenkare,0,0,0,,0,,,0,0,,,,,,,Chandrashekhar,Phansalkar,चंद्रशेखर,फणसळकर
none,[Research] Listed among Makarand Sathe's absurdist plays; no year/publisher found,0,165,Makarand Sathe,Thombya,मकरंद साठे,ठोंब्या,0,Absurdist,असंगत,2024,Vijay Kenkare,0,0,0,,0,,,0,0,,,https://marathi.thewire.in/we-move-ahead-by-rejecting-and-accepting-tradition-jayant-pawar-part-2/,N,,,Makarand,Sathe,मकरंद,साठे
https://www.youtube.com/watch?v=7szoSdiSozc,,0,109,Anant Manohar,Daav Manduni,अनंत मनोहर,डाव मांडुनी,1,,,2024,Solapur team,0,0,0,,0,,,0,0,,,,,,,Anant,Manohar,अनंत,मनोहर
https://www.youtube.com/watch?v=3n0pTJypm8w,,0,62,Ratnakar Matkari,Dreamsellers International,रत्नाकर मतकरी,ड्रिमसेलर्स इंटरनॅशनल,1,,,2024,Mukund Marathe,0,0,0,,0,,,0,0,,,,,,,Ratnakar,Matkari,रत्नाकर,मतकरी
https://youtube.com/watch?v=Ji0fP14q2fY&si=BM41T36eIRuQHG9N,"[Research] Two-act play on religion/suffering; writing year unconfirmed, 2nd ed. 2024 | [Script Status] Auto-suggested 'Obtainable' from confirmed publication info; not yet confirmed.",0,155,C P Deshpande,Dholtashe,चं प्र देशपांडे,ढोलताशे ,0,Social Drama,सामाजिक नाटक,2024,Vijay Kenkare,0,0,0,,0,Published — Lokvangmay Griha,,0,0,,,https://lokvangmaybooks.in/product/ढोलताशे-.-चं-प्र-देशपांडे/,N,,Obtainable,C P,Deshpande,चं प्र,देशपांडे
https://www.youtube.com/watch?v=FqeFk1gJ-BE,,123,5, Pradip Vaidya,Tichi 17 Prakarane,प्रदीप वैद्य,तिची १७ प्रकरणे,2,,,2024,Anand Ghanekar,0,0,0,,0,,,0,0,,,,,,,Pradip,Vaidya,प्रदीप,वैद्य
https://youtu.be/W3bjaZXekaA?si=mKsKCMB0z-yhuQ_K,,0,72,Dhanda Kulkarni-Gadkar,Ti Yete Anik Jate,धनदा कुलकर्णी-गदगकर,ती येते आणिक जाते,1,,,2024,Mugdha Kulkarni,0,0,0,,0,,,0,0,,,,,,,Dhanda,Kulkarni-Gadkar,धनदा,कुलकर्णी-गदगकर
(Trailer)https://www.youtube.com/watch?v=sz7APdck8vA,,0,20,Sai Paranjpye,Tujhi Majhi Jodi,सई परांजपे,तुझी माझी जोडी,2,,,2024,Mukund Marathe,0,0,0,,0,,,0,0,,,,,,,Sai,Paranjpye,सई,परांजपे
https://www.youtube.com/watch?v=sTZGYKAWc_4,[Research] Major Pu La Deshpande play; established him as playwright; genre/publisher not confirmed,163,32,Pu La Deshpande,Tujhe Ahe Tujhpashi,पु.ल. देशपांडे,तुझे आहे तुजपाशी,2,,,2024,JayPrakash Chipalkatti,0,0,0,,1957,,,0,0,,,https://mr.wikipedia.org/wiki/पु.ल._देशपांडे,N,,,Pu La,Deshpande,पु.ल.,देशपांडे
https://youtu.be/O0XHct-FDTk?si=ihPXC6mUUj2sm5rw,,0,51,Tejas Ranade,Teri Bhi Chup,तेजस रानडे,तेरी भी चूप ,1,,,2024,Mukund Marathe,0,0,0,,0,,,0,0,,,,,,,Tejas,Ranade,तेजस,रानडे
none,"[Research] Refers to Badal Sarkar's theatre movement/theory published 1978, not necessarily a single play | [Synopsis source] https://en.wikipedia.org/wiki/Badal_Sarkar — This is a movement/theory, not a single play — double-check whether it belongs in the database as an entry at all",0,173,Baadal Sarkar,Third Theatre,बादल सरकार,थर्ड थिएटर,0,,,2024,Vijay Kenkare,0,0,0,,1978,,,0,0,,,https://en.wikipedia.org/wiki/Badal_Sarkar,N,"Not a single scripted play, but a theatre movement/style pioneered by Badal Sarkar, built on experiments with staging, costume, and presentation to create direct communication with the audience; performed in non-proscenium spaces like streets, parks, and villages as an alternative to commercial mainstream theatre.",,Baadal,Sarkar,बादल,सरकार
None,,0,12, Madhav Vaze,The Exterminator,माधव वझे,द एक्सटर्मिनेटर,1.5,,,2024,Anand Ghanekar,0,0,0,,0,,,0,0,,,,,,,Madhav,Vaze,माधव,वझे
https://www.youtube.com/watch?v=QrYttmKHTaM,Reading; 2 scripts,73,107,Amey Dakshindas ,The Conscience,अमेय दक्षिणदास,द कॉंशन्स,1,,,2024,,0,0,0,,0,,,0,0,,,,,,,Amey,Dakshindas,अमेय,दक्षिणदास
None,,0,125,Ganesh Matkari,The Father ,गणेश मतकरी,द फादर,0,,,2024,,0,0,0,,0,,,0,0,,,,,,,Ganesh,Matkari,गणेश,मतकरी
none,[Research] Based on RTI activism/Aruna Roy's work; concept/direction Atul Pethe | [Genre detail] Experimental/Social drama (folk theatre style) | [Research: Acts/Duration/Cast] ~105 min ('पावणेदोन तास') stated in article (https://www.misalpav.com/node/10859),0,167,Makarand Sathe,Dalpatsingh Yeta Gaava,मकरंद साठे,दलपतसिग येता गावा,0,Social Drama,सामाजिक नाटक,2010,Vijay Kenkare,0,0,0,,0,,,105,0,,,https://www.misalpav.com/node/10859,N,,,Makarand,Sathe,मकरंद,साठे
None,[Synopsis source] https://mr.wikipedia.org/wiki/दोन_स्पेशल,0,63,Kshitij Patwardhan,2 Special,क्षितिज पटवर्धन ,दोन स्पेशल ,3,,,2024,Chakrapani Chitnis,0,0,0,,0,,,0,0,,,https://mr.wikipedia.org/wiki/दोन_स्पेशल,N,"Adapted from H. M. Marathe's short story ""News Story,"" the play is set in a Pune newspaper office in 1989 and follows a journalist torn between personal ties and professional ethics, questioning whether a human life should matter more than journalistic integrity, with his former love interest also drawn into the conflict.",,Kshitij,Patwardhan,क्षितिज,पटवर्धन
None,,0,71,Laxman Londhe,Dharmayoddha,लक्ष्मण लोंढे,धर्मयोद्धा,1,,,2024,Chaitanya Godsay,0,0,0,,0,,,0,0,,,,,,,Laxman,Londhe,लक्ष्मण,लोंढे
https://www.youtube.com/watch?v=PUQMgr5wLfc,clip,3,87,D M Mirasdar ,Nadikathcha Prakar,द मा मिरासदार ,नदीकाठचा प्रकार,1,,,2024,Neeraj Kulkarni,0,0,0,,0,,,0,0,,,,,,,D M,Mirasdar,द मा,मिरासदार
None,,0,154,Arvind Vishwanath Kulkarni,Nahi Manaas Udhar,अरविंद विश्वनाथ कुलकर्णी,नाही मनास उधार ,0,,,2024,Vijay Kenkare,0,0,0,,0,,,0,0,,,,,,,Arvind Vishwanath,Kulkarni,अरविंद विश्वनाथ,कुलकर्णी
None,[Synopsis source] https://mr.wikipedia.org/wiki/ज्योत्स्ना_देवधर,0,23,Jyotsna Deodhar ,Pandita Ranabaai Abhivachan ,ज्योत्स्ना देवधर,पंडिता रमाबाई-अभिवाचन,1,,,2024,वसुंधरा गोविंद पर्वते,0,0,0,,0,,,0,0,,,https://mr.wikipedia.org/wiki/ज्योत्स्ना_देवधर,N,"This staged reading portrays the life of 19th-century Marathi social reformer Pandita Ramabai, based on Jyotsna Deodhar's biographical writing about her, covering her advocacy for women's education and her founding of shelters such as Sharada Sadan for widows and destitute women.",,Jyotsna,Deodhar,ज्योत्स्ना,देवधर
None,,0,161,Dr. Chandrashekhar Phansalkar,Paach Panchvis,डॉ. चंद्रशेखर फणसळकर,पाच पंचवीस,0,,,2024,Vijay Kenkare,0,0,0,,0,,,0,0,,,,,,,Chandrashekhar,Phansalkar,चंद्रशेखर,फणसळकर
None,,0,53,Unknown,Partners,Unknown,पार्टनर्स,1,,,2024,Harshada Natekar ,0,0,0,,0,,,0,0,,,,,,,,,,
None,"[Research] Adapted into 1984 Hindi film 'Party' by Govind Nihalani | [Availability detail] Published; translated into Hindi, Bengali, English | [Script Status] Auto-suggested 'Obtainable' from confirmed publication info; not yet confirmed. | [Synopsis source] https://en.wikipedia.org/wiki/Party_(1984_film) — Source is the Wikipedia page for the 1984 Hindi film adaptation, not the stage play itself — same story | [Script Status] Reverted auto-'Obtainable' to Unknown — Availability lacks a concrete named source.",0,114,Mahesh Elkunchwar,Party,महेश एलकुंचवार,पार्टी,1,Social Drama,सामाजिक नाटक,2024,,0,0,0,,1976,Published; publisher unconfirmed,,0,0,,,https://en.wikipedia.org/wiki/Mahesh_Elkunchwar,N,"At a lavish party thrown by a wealthy patron to celebrate a writer who has just won a major literary award, the guests' cynical conversations gradually reveal that his award came through her influence and his role as an establishment insider. The talk keeps circling back to Amrit, a gifted but absent writer-poet who abandoned literary politics to work among tribal communities, and the play closes by revealing he has just been killed by police as a suspected ""left-wing terrorist,"" exposing the gap between the elite's self-absorbed revelry and the real cost of injustice.",,Mahesh,Elkunchwar,महेश,एलकुंचवार
https://www.youtube.com/watch?app=desktop&v=8SAQ1owcZek,"[Research] Received recognition from Maharashtra Foundation, America | [Script Status] Auto-suggested 'Obtainable' from confirmed publication info; not yet confirmed. | [Research: Acts/Duration/Cast] Described as a 'two-hour' production (https://akshardhara.com/products/punashcha-honeymoon-पुनश्च-हनिमून)",0,98,Sandesh Kulkarni,Punascha Honeymoon,संदेश कुलकर्णी,पुनश्च हनीमून,2,,,2024,Mukund Marathe,0,0,0,,0,Published — Rajhans Prakashan,,120,0,,,https://akshardhara.com/products/punashcha-honeymoon-पुनश्च-हनिमून,N,,Obtainable,Sandesh,Kulkarni,संदेश,कुलकर्णी
None,,0,17,Girish Datar,Popati Chaukat,गिरीश दातार,पोपटी चौकट,1,,,2024,Smita Khole,0,0,0,,0,,,0,0,,,,,,,Girish,Datar,गिरीश,दातार
https://www.youtube.com/watch?v=bllCy2J2pek,[Research] Written soon after Wada Chirebandi | [Availability detail] Published; translated into Hindi and Bengali | [Script Status] Auto-suggested 'Obtainable' from confirmed publication info; not yet confirmed. | [Script Status] Reverted auto-'Obtainable' to Unknown — Availability lacks a concrete named source.,90,76,Mahesh Elkunchwar,Pratibimb,महेश एलकुंचवार,प्रतिबिंब,1,,,2024,Vidyullata Mahabal,0,0,0,,1987,Published; publisher unconfirmed,,0,0,,,https://en.wikipedia.org/wiki/Mahesh_Elkunchwar,N,,,Mahesh,Elkunchwar,महेश,एलकुंचवार
https://www.youtube.com/watch?v=COpmVu9EYI0,Actual Performance,41,9,Dr. Chandrashekhar Phansalkar,Pratham Purushi,डॉ. चंद्रशेखर फणसळकर,प्रथम पुरुषी,1,,,2024,Avadhoot Bhambare,0,0,0,,0,,,0,0,,,,,,,Chandrashekhar,Phansalkar,चंद्रशेखर,फणसळकर
none,,0,170,Vilas Sarang,Prasthan  ,विलास सारंग,प्रस्थान ,0,,,2024,Vijay Kenkare,0,0,0,,0,,,0,0,,,,,,,Vilas,Sarang,विलास,सारंग
None,[Research] Based on Sartre's 'No Exit' (Huis Clos); dir. Alok Rajwade,0,106,Makarand Sathe,Prasthan Urfa Exit,मकरंद साठे,प्रस्थान उर्फ एक्झिट,2,Absurdist/Existential,असंगत/अस्तित्ववादी,2024,Mukund Marathe,0,0,0,,0,,,0,0,,,https://www.rangabhoomi.com/natak/prasthan-urf-exit/,N,,,Makarand,Sathe,मकरंद,साठे
None,,0,29,Kiran Patrekar,Prasangik Karaar,किरण पोत्रेकर,प्रासंगिक करार ,1,,,2024,Avadhoot Bhambare,0,0,0,,0,,,0,0,,,,,,,Kiran,Patrekar,किरण,पोत्रेकर
None,[Research] Still often performed in Marathi one-act play competitions | [Availability detail] Rights unclear; frequently staged in one-act competitions,0,117,Shyam Manohar,Priyanka Ani Don Chor,श्याम मनोहर,प्रियंका आणि दोन चोर,2,,,2024,,0,0,0,,2016,Rights unclear,,0,0,,,https://mr.wikipedia.org/wiki/श्याम_मनोहर,N,,,Shyam,Manohar,श्याम,मनोहर
https://www.youtube.com/watch?v=O2mtD2mNzCk,[Research] Listed among Kanetkar's popular hit plays | [Genre detail] Family drama/Comedy (marital relationship humor) | [Script Status] Auto-suggested 'Obtainable' from confirmed publication info; not yet confirmed. | [Synopsis source] https://www.mumbaitheatreguide.com/dramas/marathi/19-prema-tujha-rang-kasa-marathi-play-preview.asp,0,128,Vasant Kanetkar,Prema Tujha Rang Kasa,वसंत कानेटकर,प्रेमा तुझा रंग कसा,0,Family Drama/Comedy,कौटुंबिक नाटक/विनोदी,2024,Vijay Kenkare,0,0,0,,0,Published — Popular Prakashan,,0,0,,,https://www.marathisrushti.com/articles/dramatist-vasant-kanetkar/,N,"A family comedy-drama about the recurring, cross-generational conflict between young couples in love and the parental objections they face over their choice of partner, treated with humor and a message of familial harmony.",Obtainable,Vasant,Kanetkar,वसंत,कानेटकर
None,"[Research] Part of a 4-play one-act collection | [Genre detail] One-act (comedy) | [Availability detail] Published — Rajhans Prakashan (in 'Dilip Prabhavalkaranchya Ekankika, Bhag 1') | [Script Status] Auto-suggested 'Obtainable' from confirmed publication info; not yet confirmed.",0,33,Dilip Prabhavalkar,Phakta Striyansathi,दिलीप प्रभावळकर,फक्त स्त्रियांसाठी,1,Comedy,विनोदी,2024,Sneha Gharpure,0,0,0,,0,Published — Rajhans Prakashan,,0,0,,,https://www.rajhansprakashan.com/authors-details/dilip-prabhavalkar,N,,Obtainable,Dilip,Prabhavalkar,दिलीप,प्रभावळकर
None,"[Research] Popular on college theatre circuit | [Genre detail] One-act (comedy) | [Availability detail] Listed in author's bibliography, publisher/year unspecified | [Script Status] Auto-suggested 'Obtainable' from confirmed publication info; not yet confirmed. | [Script Status] Reverted auto-'Obtainable' to Unknown — Availability lacks a concrete named source.",0,3,Gangadhar Gadgil,Bandu Nanu Aani Gulabi Hatti,गंगाधर गाडगीळ,बंडू नानू आणि गुलाबी हत्ती,1,Comedy,विनोदी,2024,Chaitanya Godsay,0,0,0,,0,Published; publisher unconfirmed,,0,0,"March 19, 2025","March 21, 2025",https://mr.wikipedia.org/wiki/गंगाधर_गाडगीळ,N,,,Gangadhar,Gadgil,गंगाधर,गाडगीळ
https://www.youtube.com/watch?v=MZlTjI4sa68,"Hindi | [Research] Original Hindi script, not Marathi | [Genre detail] Drama (tragicomedy, elderly-themed) | [Availability detail] Performed by 'Hindi Rangbhoomi' group; no publisher found | [Synopsis source] https://aranyatheatre.wordpress.com/plays/bali-aur-shambhu",0,115, Manav Kaul,Bali Aur Shambhu (Hindi script),मानव कौल,बली और शंभू,2,Tragicomedy,शोकविनोदी,2024,,0,0,0,,0,Unclear/Unconfirmed,,0,0,,,http://manavplays.blogspot.com/2011/03/blog-post.html,N,"Set in an old-age home, the play follows the unlikely bond between two residents with opposite outlooks on life — one who accepts life as it comes, and one who lives nostalgically in his past achievements — whose repeated clashes gradually bring them closer together.",,Manav,Kaul,मानव,कौल
None,[Research] Listed under Alekar's independently published one-acts | [Availability detail] Published — Rajhans Prakashan (independently published one-act) | [Script Status] Auto-suggested 'Obtainable' from confirmed publication info; not yet confirmed.,0,13,Satish Alekar,Bus-Stop,सतीश आळेकर,बस स्टॉप,1,One-act,एकांकिका,2024,Neeraj Kulkarni,0,0,0,,1980,Published — Rajhans Prakashan,,0,0,,,https://www.rajhansprakashan.com/authors-details/satish-alekar,N,,Obtainable,Satish,Alekar,सतीश,आळेकर
,,0,78,Satish Tambe,Binbaykancha Jagaat,सतीश तांबे,बिनबायकांच्या जगात,1,,,2024,Avadhoot Bhambare,0,0,0,,0,,,0,0,,,,,,,Satish,Tambe,सतीश,तांबे
https://www.youtube.com/watch?v=4DMXUOJgrGg,"[Research] Full title ""...arthat tumcha amcha same asta"" | [Genre detail] Drama (social/gender-themed, subtitled ""Tumcha Amcha Same Asta"") | [Availability detail] Published; specific publisher unconfirmed | [Script Status] Auto-suggested 'Obtainable' from confirmed publication info; not yet confirmed. | [Script Status] Reverted auto-'Obtainable' to Unknown — Availability lacks a concrete named source.",99,118,C P Deshpande,Buddhibal ani Zabbu,चं प्र देशपांडे ,बुद्धिबळ आणि झब्बू ,2,Social Drama,सामाजिक नाटक,2024,,0,0,0,,0,Published; publisher unconfirmed,,0,0,,,https://www.goodreads.com/book/show/45438183-buddhibal-ani-zabbu-arth,N,,,C P,Deshpande,चं प्र,देशपांडे
https://youtu.be/4DMXUOJgrGg?si=Yuxy2Rg7D1uvMRq4,"[Research] Duplicate entry of ID 118, same play/author | [Genre detail] Drama (social/gender-themed, subtitled ""Tumcha Amcha Same Asta"") | [Availability detail] Published; specific publisher unconfirmed | [Script Status] Auto-suggested 'Obtainable' from confirmed publication info; not yet confirmed. | [Script Status] Reverted auto-'Obtainable' to Unknown — Availability lacks a concrete named source.",0,151,C P Deshpande,Buddhibal ani Zabbu,चं प्र देशपांडे,बुद्धिबळ आणि झब्बू ,0,Social Drama,सामाजिक नाटक,2024,Vijay Kenkare,0,0,0,,0,Published; publisher unconfirmed,,0,0,,,https://www.goodreads.com/book/show/45438183-buddhibal-ani-zabbu-arth,N,,,C P,Deshpande,चं प्र,देशपांडे
https://youtu.be/ZW73zW21eXQ?si=qlnCv4tz4ETJyLoR,"[Research] Adapted from Dalvi's own novel 'Andharachya Parambya' | [Genre detail] Social drama (historical, early 20th-century Brahmin society) | [Availability detail] Adapted into film 'Rao Saheb' (1986, dir. Vijaya Mehta); publisher unconfirmed | [Script Status] Auto-suggested 'Obtainable' from confirmed publication info; not yet confirmed. | [Synopsis source] https://en.wikipedia.org/wiki/Jaywant_Dalvi | [Script Status] Reverted auto-'Obtainable' to Unknown — Availability lacks a concrete named source.",158,8,Jaywant Dalvi,Barrister,जयवंत दळवी,बॅरिस्टर ,2,Historical/Social Drama,ऐतिहासिक/सामाजिक नाटक,2024,Mukund Marathe,0,0,0,,1977,Published; publisher unconfirmed,,0,0,,,https://en.wikipedia.org/wiki/Jaywant_Dalvi,N,"The play dramatizes the clash between traditionalist and progressive segments of Marathi Brahmin society in the first quarter of the twentieth century, centered on the life of a barrister caught amid these social tensions.",,Jaywant,Dalvi,जयवंत,दळवी
",https://www.imdb.com/title/tt34145254/, ","[Research] Full title ""Mukkam Post Bombilwadi""; Hitler lands in coastal Maharashtra village | [Synopsis source] https://en.wikipedia.org/wiki/Paresh_Mokashi",100,100,Paresh Mokashi,Bombilwadi,परेश मोकाशी,बोंबीलवाडी,2,Comedy/Farce,विनोदी/प्रहसन,2001,Avadhoot Bhambare,0,0,0,,2001,,,0,0,,,https://en.wikipedia.org/wiki/Paresh_Mokashi,N,"Set in a small coastal Maharashtra village in 1942, this comedy follows the chaos that erupts when Adolf Hitler accidentally lands there, drawing the village's amateur theatre troupe into the escalating mayhem as everyone scrambles to react to the unexpected arrival.",,Paresh,Mokashi,परेश,मोकाशी
None,,0,14,Rajenda Pophale,Briefcase,राजेंद्र पोफळे,ब्रिफकेस,1,,,2024,Parag Kilche,0,0,0,,0,,,0,0,,,,,,,Rajenda,Pophale,राजेंद्र,पोफळे
https://www.youtube.com/watch?v=hx2YWmRchsw,,0,56,Va. Pu. Kale,Blue Film,व. पु. काळे,ब्लू फिल्म,1,,,2024,Avadhoot Bhambare,0,0,0,,0,,,0,0,,,,,,,Va. Pu.,Kale,व. पु.,काळे
None,,0,141,Shafaat Khan,Bhumiticha Farce,शफाअत खान,भूमितीचा फार्स ,0,,,2024,Vijay Kenkare,0,0,0,,0,,,0,0,,,,,,,Shafaat,Khan,शफाअत,खान
none,[Research] Reinterprets Ramayana; critiques Ram's treatment of Sita,0,127,Mama Varekar,Bhumikanya Sita,मामा वरेरकर,भूमीकन्या सीता ,0,Mythological/Social Drama,पौराणिक/सामाजिक नाटक,2024,Vijay Kenkare,0,0,0,,1950,,,0,0,,,https://mr.wikipedia.org/wiki/भार्गवराम_विठ्ठल_वरेरकर,N,,,Mama,Varekar,मामा,वरेरकर
None,,0,55,Tara Vanarse,Bhovra,तारा वनारसे,भोवरा,1,,,2024,JayPrakash Chipalkatti,0,0,0,,0,,,0,0,,,,,,,Tara,Vanarse,तारा,वनारसे
https://www.youtube.com/watch?v=bYX5fxO99HU,,30,81,Pu La Deshpande,Bhraman Mandal,पु.ल. देशपांडे,भ्रमण मंडळ,1,,,2024,Mukund Marathe,0,0,0,,0,,,0,0,,,,,,,Pu La,Deshpande,पु.ल.,देशपांडे
None,,59,123,Nishikant Kamat,Manjula,निशीकांत कामत,मंजुळा,1,,,2024,,0,0,0,,0,,,0,0,,,,,,,Nishikant,Kamat,निशीकांत,कामत
,,0,184,Surendra Verma,Manoj Mitra,सुरेंद वर्मा,मनोज मित्र,0,,,2024,Vijay Kenkare,0,0,0,,0,,,0,0,,,,,,,Surendra,Verma,सुरेंद,वर्मा
None,,0,35,Rahul Phatak,Majhi Lungi Kharedi (Punyatla Dukanatun),राहूल फाटक,माझी लुंगी खरेदी (पुण्यातल्या दुकानातून),1,,,2024,Sanjay Apte,0,0,0,,0,,,0,0,,,,,,,Rahul,Phatak,राहूल,फाटक
"https://www.youtube.com/watch?v=HgRSM264BU4,  
https://www.youtube.com/watch?v=Hbgb23q9-uM",,0,83,D M Mirasdar ,Mazya Bapachi Pend ,द मा मिरासदार ,माझ्या बापाची पेंड,1,,,2024,Shashank Divekar ,0,0,0,,0,,,0,0,,,,,,,D M,Mirasdar,द मा,मिरासदार
None,[Research] Play by sociologist-playwright Vidyadhar Pundalik; genre/publisher not stated,0,18,VIdyadhar Pundalik,Mataa Draupadi,विद्याधर पुंडलिक,माता द्रौपदी ,2,,,2024,Anand Ghanekar,0,0,0,,1972,,,0,0,,,https://maharashtranayak.in/paundalaika-vaidayaadhara-gangaadhara,N,,,VIdyadhar,Pundalik,विद्याधर,पुंडलिक
none,[Research] Rajiv Naik's Marathi rendering of Shudraka's classic | [Genre detail] Translation/Adaptation (Sanskrit — Mrichchhakatika by Shudraka),0,42,Rajeev Naik,Matichya Gadyache Prakaran,राजीव नाईक,मातीच्या गाड्याचे प्रकरण,2,Adaptation,रूपांतर,2024,Anand Ghanekar,0,0,0,,0,,,0,0,,,https://maharashtrafoundationawards.com/project/rajiv-naik-2018/,N,,,Rajeev,Naik,राजीव,नाईक
https://www.youtube.com/watch?v=FgdrWmnKKTk,,00:30.00,75,Vijay Tendulkar ,Madi,विजय तेंडुलकर,मादी,1,,,2024,Mukund Marathe,1,1,0,,0,,,28.44,0,,,,,,,Vijay,Tendulkar,विजय,तेंडुलकर
https://www.youtube.com/watch?v=_6fggPs3FSM,,0,97,Shankar Patil,Meeting,शंकर पाटील,मिटींग,1,,,2024,Manoj Wadekar,0,0,0,,0,,,0,0,,,,,,,Shankar,Patil,शंकर,पाटील
None,धडपड ग्रुप पुणे ,0,102,AShwini Shingre-Deshpande,Mi Tu,अश्विनी शिंगरे-देशपांडे,मी तू,2,,,2024,Anand Ghanek,0,0,0,,0,,,0,0,,,,,,,AShwini,Shingre-Deshpande,अश्विनी,शिंगरे-देशपांडे
none,,0,60,Manasi Holehunnur,Mich Ti Devyani,मानसी होलेहुन्नूर,मीच ती देवयानी,1,,,2024,Avadhoot Bhambare,0,0,0,,0,,,0,0,,,,,,,Manasi,Holehunnur,मानसी,होलेहुन्नूर
,"[Synopsis source] https://hi.wikipedia.org/wiki/मुझे_चांद_चाहिये — Source covers Surendra Verma's Hindi novel of this title, not a Marathi stage adaptation specifically",0,182,Surendra Verma,Mujhe Chaand Chahiye,सुरेंद वर्मा,मुझे चांद चाहिये,0,,,2024,Vijay Kenkare,0,0,0,,0,,,0,0,,,https://hi.wikipedia.org/wiki/मुझे_चांद_चाहिये,N,"The story (from Surendra Verma's Sahitya Akademi Award-winning work) follows Varsha Vashisht, a rebellious young woman from Shahjahanpur who renames herself and pursues an acting career against social convention, training at the National School of Drama and rising to fame in theatre and film while grappling with the personal cost of her choices, including becoming an unmarried mother.",,Surendra,Verma,सुरेंद,वर्मा
None,[Research] Listed among Shafaat Khan's plays with year 1976; genre/publisher unconfirmed,0,145,Shafaat Khan,Mumbai Che Kavle,शफाअत खान,मुंबईचे कावळे,0,,,2024,Vijay Kenkare,0,0,0,,1976,,,0,0,,,https://mr.wikipedia.org/wiki/शफाअतखान,N,,,Shafaat,Khan,शफाअत,खान
https://youtu.be/5kxDSubKECU?si=N66a9rM2FVBIwbJG,[Research] Performed continuously since 1975 by author with Stree Mukti Sanghatana | [Genre detail] Street play (पथनाट्य) / Social drama,54,111,Jyoti Mhapsekar,Mulgi Zali Ho,ज्योती म्हापसेकर,मुलगी झाली हो,1,Street Play (पथनाट्य),पथनाट्य,1975,Hemangi Wadekar,0,0,0,,1975,,,0,0,,,https://mr.wikipedia.org/wiki/ज्योती_सुभाष_म्हापसेकर,N,,,Jyoti,Mhapsekar,ज्योती,म्हापसेकर
None,,500,4,Unknown,Mrug Trushna (Hindi Script),Unknown,मृग-तृष्णा (Hindi Script),1,"Other, Satire, Sci-Fi","इतर, उपहासात्मक, विज्ञानकथा",2024,Rohit Dube,0,0,0,,0,,,0,0,,,,,,,,,,
https://youtu.be/u2ewPJNXNVo?si=u0Ux2Yb1Wn2ZJPai,,0,158,Dr. Chandrashekhar Phansalkar,Melya Aaicha Chaha,डॉ. चंद्रशेखर फणसळकर,मेल्या आईचा चहा,0,,,2024,Vijay Kenkare,0,0,0,,0,,,0,0,,,,,,,Chandrashekhar,Phansalkar,चंद्रशेखर,फणसळकर
"https://www.youtube.com/watch?v=ydpcU4zVTI4 
Reading: https://www.youtube.com/watch?v=hqE7O_idaHs
https://www.youtube.com/watch?v=P2bmyLkodFg&list=RDP2bmyLkodFg&start_radio=1
","Structure of Play: https://www.youtube.com/watch?v=zvrEPHuVTZo | [Research] Karnad's debut play, written in Kannada 1961; Marathi tr. year not found | [Genre detail] Mythological/Family drama (adaptation from Kannada) | [Synopsis source] https://en.wikipedia.org/wiki/Girish_Karnad — Synopsis is for Karnad's Kannada original; Marathi translation year not confirmed",0,135,Girish Karnad ,Yayati,गिरीश कर्नाड,ययाती,0,Mythological/Family Drama,पौराणिक/कौटुंबिक नाटक,2024,Vijay Kenkare,0,0,0,,1961,,,0,0,,,https://mr.wikipedia.org/wiki/गिरीश_कर्नाड,N,"A retelling of the Mahabharata story of King Yayati, who is cursed with premature old age by his preceptor Shukracharya after an act of infidelity; desperate to escape this fate, Yayati asks his sons to give up their youth for him, and one agrees, exposing the ironies and costs of clinging to youth and pleasure.",,Girish,Karnad,गिरीश,कर्नाड
None,"[Research] Story pub. in Satyakatha, Aug 1975; Khebudkar's stage adaptation unverified | [Genre detail] Adaptation (from G.A. Kulkarni's Marathi short story)",0,103,G. A. Kulkarni/Aditya Khebudkar,Yatrik,जी ए कुळकर्णी आणि आदित्य खेबुडकर,यात्रीक,2,Adaptation,रूपांतर,2024,Avadhoot Bhambare,0,0,0,,1975,,,0,0,,,https://mr.wikipedia.org/wiki/जी.ए._कुलकर्णी,N,,,G. A.,Kulkarni,जी ए,कुळकर्णी
None,,0,69,Dan Rebello,You & Me,डॅन रिबेलो,यु ऍंड मी,1,,,2024,Richa Wadekar,0,0,0,,0,,,0,0,,,,,,,Dan,Rebello,डॅन,रिबेलो
None,,0,90,Abhijeet Kulkarni,Yeh Lamha Jeene Do,अभिजीत कुळकर्णी,ये लम्हा जिने दो,2,,,2024,Avadhoot Bhambare,0,0,0,,0,,,0,0,,,,,,,Abhijeet,Kulkarni,अभिजीत,कुळकर्णी
None,,0,124,Chaitanya Sardeshpande,Ravivar Diaries ,चैतन्य सरदेशपांडे,रविवार डायरीज,2,,,2024,,0,0,0,,0,,,0,0,,,,,,,Chaitanya,Sardeshpande,चैतन्य,सरदेशपांडे
https://www.youtube.com/watch?v=UDrXc61BuxU,[Research] Confirmed as Rege's Marathi translation of Sophocles' original | [Genre detail] Translation/Adaptation (from Sophocles' Oedipus Rex) | [Synopsis source] https://mr.wikipedia.org/wiki/सदानंद_रेगे,0,84,Sadanand Rege,Raja Idipus,सदानंद रेगे,राजा ईडिपस ,2,Adaptation,रूपांतर,2024,Anand Ghanekar,0,0,0,,0,,,0,0,,,https://maharashtranayak.in/index.php/raegae-sadaananda-saantaaraama,N,"A Marathi translation of Sophocles' Oedipus Rex: King Oedipus searches for the cause of a curse afflicting his city, only to discover that he himself is the culprit, having unknowingly fulfilled a prophecy of killing his father and marrying his mother.",,Sadanand,Rege,सदानंद,रेगे
https://www.youtube.com/watch?v=ePMtwX0eP8c,"[Research] Premiere 26 Oct 1962, dir. Master Dattaram, starring Kashinath Ghanekar | [Script Status] Auto-suggested 'Obtainable' from confirmed publication info; not yet confirmed.",0,133,Vasant Kanetkar,Raigadala Jevha Jaag Yete,वसंत कानेटकर,रायगडाला जेव्हा जाग येते,0,Historical,ऐतिहासिक,1962,Vijay Kenkare,0,0,0,,0,Published — Popular Prakashan,,0,0,,,https://mr.wikipedia.org/wiki/रायगडाला_जेव्हा_जाग_येते,N,,Obtainable,Vasant,Kanetkar,वसंत,कानेटकर
None,,0,159,Dr. Chandrashekhar Phansalkar,Rickshawala,डॉ. चंद्रशेखर फणसळकर,रिक्षावाला,0,,,2024,Vijay Kenkare,0,0,0,,0,,,0,0,,,,,,,Chandrashekhar,Phansalkar,चंद्रशेखर,फणसळकर
None,,0,116,Vikram Watave,Red Wine White Wine,विक्रम वाटवे,रेड वाईन व्हाईट वाईन,2,,,2024,Vikram Watave,0,0,0,,0,,,0,0,,,,,,,Vikram,Watave,विक्रम,वाटवे
none,[Research] Explores existential/contradiction themes; no year found | [Genre detail] Absurdist (Theatre of the Absurd),0,162,Makarand Sathe,Roman Samrajyachi Padjhad,मकरंद साठे,रोमन साम्राज्याची पडझड,0,Absurdist,असंगत,2024,Vijay Kenkare,0,0,0,,0,,,0,0,,,https://mr.wikipedia.org/wiki/मकरंद_साठे,N,,,Makarand,Sathe,मकरंद,साठे
None,,0,65,Chakrapani Chitnis,Lagja Gale,चक्रपाणी चिटणीस,लग जा गले ,1,,,2024,Chakrapani Chitnis,0,0,0,,0,,,0,0,,,,,,,Chakrapani,Chitnis,चक्रपाणी,चिटणीस
https://www.youtube.com/watch?v=JLNPkLLr9Eo,,61,110,Amol Palshikar,Limit,अमोल पळशीकर,लिमीट,1,,,2024,Ila Patki Gore,0,0,0,,0,,,0,0,,,,,,,Amol,Palshikar,अमोल,पळशीकर
https://www.youtube.com/watch?v=CZBR5E25_D0,"[Research] Premiered 30 Oct 1966, Goa Hindu Assoc., music by Jitendra Abhisheki | [Genre detail] Family drama (Sangeet Natak) | [Script Status] Auto-suggested 'Obtainable' from confirmed publication info; not yet confirmed.",0,130,Vasant Kanetkar,Lekare Udanda Jhali,वसंत कानेटकर,लेकुरे उंदड झाली,0,Musical (Sangeet Natak),संगीत नाटक,1966,Vijay Kenkare,0,0,0,,0,Published — Popular Prakashan,,0,0,,,https://mr.wikipedia.org/wiki/लेकुरे_उदंड_झाली,N,,Obtainable,Vasant,Kanetkar,वसंत,कानेटकर
None,,0,57,Sanjay Pachpande,Lost Connection,संजय पाचपांडे,लॉस्ट कनेक्शन,1,,,2024,Sanjay Pachpande,0,0,0,,0,,,0,0,,,,,,,Sanjay,Pachpande,संजय,पाचपांडे
https://www.youtube.com/watch?v=LlSCj2UR3aw,,0,146,Yogesh Soman,One Second's Life,योगेश सोमण,वन सेकंड's life,0,,,2024,Vijay Kenkare,0,0,0,,0,,,0,0,,,,,,,Yogesh,Soman,योगेश,सोमण
none,"[Research] Marathi adaptation by Amol Palekar; won 1969 Maharashtra State Drama Competition | [Genre detail] Comedy/Fantasy — Translation/Adaptation of Bengali play ""Ballabhpurer Rupkatha"" by Badal Sarkar | [Synopsis source] https://mr.wikipedia.org/wiki/वल्लभपूरची_दंतकथा",0,175,Baadal Sarkar,Vallabhpur chi Dantakatha,बादल सरकार,वल्ल्लभपूरची दंतकथा,0,Comedy/Fantasy,विनोदी/कल्पनारम्य,1969,Vijay Kenkare,0,0,0,,0,,,0,0,,,https://mr.wikipedia.org/wiki/वल्लभपूरची_दंतकथा,N,"A Marathi adaptation (staged by Amol Palekar for Theatre Unit) of Badal Sarkar's 1954 Bengali play, about an impoverished aristocrat trying to sell off his crumbling ancestral mansion to pay his debts while concealing a family secret about an ancestral ghost, leading to comic misunderstandings and romance; it won acting and direction honors at the 1970 Maharashtra State Drama Competition.",,Baadal,Sarkar,बादल,सरकार
None,Podcast:  https://www.youtube.com/watch?v=Jfgp9v3z2DU,0,189,Ambar Hadap,Vashya Baba Ani Sasu,अंबर हडप ,वश्या बाब्या आणि सासू ,0,,,2024,Vijay Kenkare,0,0,0,,0,,,0,0,,,,,,,Ambar,Hadap,अंबर,हडप
None,New Jersey,0,79,Sharad Sathe,Vaarasaa,शरद साठे,वारसा,1,,,2024,Mukund Marathe,0,0,0,,0,,,0,0,,,,,,,Sharad,Sathe,शरद,साठे
None,,0,86,D M Mirasdar ,Virangula,द मा मिरासदार ,विरंगुळा,1,,,2024,Neeraj Kulkarni,0,0,0,,0,,,0,0,,,,,,,D M,Mirasdar,द मा,मिरासदार
none,[Research] Kanetkar's debut play; State Drama Competition prizes 1958 | [Availability detail] Likely published (publisher unconfirmed) | [Script Status] Auto-suggested 'Obtainable' from confirmed publication info; not yet confirmed. | [Script Status] Reverted auto-'Obtainable' to Unknown — Availability lacks a concrete named source.,0,129,Vasant Kanetkar,Vedyache Ghar Unhaat,वसंत कानेटकर,वेड्याचे घर उन्हात,0,Tragedy/Family Drama,शोकात्मक/कौटुंबिक नाटक,2024,Vijay Kenkare,0,0,0,,1957,Published; publisher unconfirmed,,0,0,,,https://mr.wikipedia.org/wiki/वसंत_कानेटकर,N,,,Vasant,Kanetkar,वसंत,कानेटकर
https://youtu.be/PsMLcMqYH3E?si=GDaRt9IFXZJ0yHUu,,0,89,C P Deshpande,Veshantar,चं प्र देशपांडे,वेषांतर ,1,,,2024,Avadhoot Bhambare,0,0,0,,0,,,0,0,,,,,,,C P,Deshpande,चं प्र,देशपांडे
https://www.youtube.com/watch?v=uBJmdRbIRDI,,0,40,Anup Upadhye,Vaitathya,अनुप उपाध्ये,वैतथ्य,1,,,2024,Anup Upadhye,0,0,0,,0,,,0,0,,,,,,,Anup,Upadhye,अनुप,उपाध्ये
None,,0,15,Suresh Jayram,Vaishali Cottage,सुरेश जयराम,वैशाली कॉटेज,2,,,2024,Mukund Marathe,0,0,0,,0,,,0,0,,,,,,,Suresh,Jayram,सुरेश,जयराम
None,,0,34,Vaibhav Parab,Woh Saat Din,वैभव परब,वो सात दिन ,2,,,2024,Avadhoot Bhambare,0,0,0,,0,,,0,0,,,,,,,Vaibhav,Parab,वैभव,परब
None,[Research] First performed 5 May 1982 by Theatre Academy | [Script Status] Auto-suggested 'Obtainable' from confirmed publication info; not yet confirmed.,0,104, Satish Alekar,Shanivar Ravivar,सतीश आळेकर,शनिवार रविवार,1,Social Drama,सामाजिक नाटक,1982,Jayprakash Chipalkatti,0,0,0,,1982,Published — Popular Prakashan,,0,0,,,https://www.rajhansprakashan.com/authors-details/satish-alekar,N,,Obtainable,Satish,Alekar,सतीश,आळेकर
"https://www.youtube.com/watch?v=5VxDcdEc4ZU, 
https://www.youtube.com/watch?v=XliV9M7-If4, 
https://www.imdb.com/title/tt3319194/",[Synopsis source] https://en.wikipedia.org/wiki/Sure_Thing_(play) — Synopsis is for David Ives's original English play; likely a Marathi adaptation/translation performed by the submitting group | [Research: Acts/Duration/Cast] Explicitly called a one-act comedy (https://en.wikipedia.org/wiki/Sure_Thing_(play)),0,93,David Ives,Sure Thing,डेव्हिड आईव्ज,शूअर थिंग,1,,,2024,Chaitanya Godsay,0,0,0,,0,,,0,0,,,https://en.wikipedia.org/wiki/Sure_Thing_(play),N,"A short comic play in which a man keeps approaching a woman in a cafe, their conversation reset again and again by a ringing bell every time one of them gives a response that would end the encounter, until their answers align and they fall for each other.",,David,Ives,डेव्हिड,आईव्ज
https://www.youtube.com/watch?v=BLMvjcZBgkU,,1:37:56,148,Shafaat Khan,ShobhaYatra,शफाअत खान,शोभायात्रा,0,Comedy/Satire (historical),विनोदी - कटू उपहास/ इतिहासाचा व्यंगात्मक पडताळा / / fact chks of history - comedy,2024,Vijay Kenkare,9,2,90,,marathi publication : 1/1/2002,ISBN-10 ‏ : ‎ 8171857272 ; book - https://www.amazon.com/Shobhayatra-Marathi-Shafaat-Khan/dp/8171857272,,0,0,"Aug, 15",,,,,,Shafaat,Khan,शफाअत,खान
None,,0,137,Achyut Vaze,Shadja,अच्युत वझे,षड्ज,0,,,2024,Vijay Kenkare,0,0,0,,0,,,0,0,,,,,,,Achyut,Vaze,अच्युत,वझे
None,,0,138,Achyut Vaze,स,अच्युत वझे,स,0,,,2024,Vijay Kenkare,0,0,0,,0,,,0,0,,,,,,,Achyut,Vaze,अच्युत,वझे
https://www.youtube.com/watch?v=6QNts76MlsQ,[Research] Comedy per staged productions; exact year not confirmed | [Genre detail] Drama (Comedy) | [Script Status] Auto-suggested 'Obtainable' from confirmed publication info; not yet confirmed.,0,77,Sai Paranjpye,Sakkhe Shejari,सई परांजपे,सख्खे शेजारी,2,Comedy,विनोदी,2024,Avadhoot Bhambare,0,0,0,,0,Published — Continental Prakashan,,0,0,,,https://www.bookganga.com/eBooks/Books/Details/4743780373786366136,N,,Obtainable,Sai,Paranjpye,सई,परांजपे
None,,0,1,Kshitij Patwardhan,Sagale Ubhe Aahet,क्षितिज पटवर्धन,सगळे उभे आहेत,2,"Comedy, Satire","विनोदी, उपहासात्मक",2024,Avadhoot Bhambare,0,0,0,,0,,,0,0,,,,,,,Kshitij,Patwardhan,क्षितिज,पटवर्धन
None,,0,66,Tara Vanarse,Sandhyakaal,तारा वनारसे,संध्याकाळ,1,,,2024,JayPrakash Chipalkatti,0,0,0,,0,,,0,0,,,,,,,Tara,Vanarse,तारा,वनारसे
None,,0,156,Dr. Chandrashekhar Phansalkar,Sm Dvibhuj Trikon,डॉ. चंद्रशेखर फणसळकर,सम द्विभुज त्रिकोण,0,,,2024,Vijay Kenkare,0,0,0,,0,,,0,0,,,,,,,Chandrashekhar,Phansalkar,चंद्रशेखर,फणसळकर
none,,0,136,Vijay Tendulkar ,Samorcha Nadkarni,विजय तेंडुलकर,समोरचा नाडकर्णी,0,,,2024,Vijay Kenkare,0,0,0,,0,,,0,0,,,,,,,Vijay,Tendulkar,विजय,तेंडुलकर
none,[Research] Film adaptation by Saumitra Ranade released 1998 | [Genre detail] Family drama (infertility/adoption theme) | [Availability detail] Published — English translation 'Mr. Sapatnekar's Child' | [Script Status] Auto-suggested 'Obtainable' from confirmed publication info; not yet confirmed. | [Script Status] Reverted auto-'Obtainable' to Unknown — Availability lacks a concrete named source.,0,164,Makarand Sathe,सापत्नेकाराचे मूल ,मकरंद साठे,सापत्नेकाराचे मूल ,0,Family Drama,कौटुंबिक नाटक,2024,Vijay Kenkare,0,0,0,,0,Published (English translation only),,0,0,,,https://mr.wikipedia.org/wiki/मकरंद_साठे,N,,,Makarand,Sathe,मकरंद,साठे
"https://www.youtube.com/watch?v=Fo1KEJAEi98
https://www.youtube.com/watch?v=9rZAk5EUvak",[Research] By Badal Sarkar; original Bengali title/date not confirmed | [Availability detail] Marathi translation reported to exist (adaptation of Bengali original),0,177,Baadal Sarkar,Saari Raat,बादल सरकार,सारी रात,0,,,2024,Vijay Kenkare,0,0,0,,0,Unclear/Unconfirmed,,0,0,,,https://www.bhartiyasahityas.com/authors/badal-sarkar/,N,,,Baadal,Sarkar,बादल,सरकार
none,,0,36,Vijay Kanhere,Savdhan- Ek Yogkatha,विजय कान्हेरे,सावधान - एक योगकथा ,1,,,2024,Avadhoot Bhambare,0,0,0,,0,,,0,0,,,,,,,Vijay,Kanhere,विजय,कान्हेरे
None,,0,180,Chetan Datar,Savlya,चेतन दातार,सावल्या ,0,,,2024,Vijay Kenkare,0,0,0,,0,,,0,0,,,,,,,Chetan,Datar,चेतन,दातार
https://www.youtube.com/watch?v=RnxIJZAeKos,[Research] Elkunchwar's first play; staged by Rangayan/Vijaya Mehta c.1969-70 | [Script Status] Auto-suggested 'Obtainable' from confirmed publication info; not yet confirmed. | [Script Status] Reverted auto-'Obtainable' to Unknown — Availability lacks a concrete named source. | [Research: Acts/Duration/Cast] Explicitly called एकांकिका (one-act) on author's Wikipedia page (https://mr.wikipedia.org/wiki/महेश_एलकुंचवार),0,85,Mahesh Elkunchwar,Sultan,महेश एलकुंचवार,सुल्तान,1,One-act,एकांकिका,2024,Jayprakash Chipalkatti,0,0,0,,1967,Published in Satyakatha magazine (1967),,0,0,,,https://mr.wikipedia.org/wiki/महेश_एलकुंचवार,N,,,Mahesh,Elkunchwar,महेश,एलकुंचवार
https://www.youtube.com/watch?v=qTRRBSpf2Xo,[Research] Play on the life and philosophy of Socrates | [Synopsis source] https://mr.wikipedia.org/wiki/मकरंद_साठे,0,168,Makarand Sathe,Surya Pahilela Manoos,मकरंद साठे,सूर्य पाहिलेला माणूस,0,Historical/Philosophical Drama,ऐतिहासिक/तात्त्विक नाटक,2024,Vijay Kenkare,0,0,0,,0,,,0,0,,,https://www.weeklysadhana.in/view_article/pratinidhi-on-surya-pahilela-manus,N,"A play that follows the life of the Greek philosopher Socrates, who relentlessly questions the prevailing establishment in his pursuit of truth despite the risk to himself; it became especially notable for actor Dr. Shriram Lagoo's acclaimed performance in the lead role.",,Makarand,Sathe,मकरंद,साठे
https://www.youtube.com/watch?v=JNL2tEBJJzo,[Research] Premiered 5 Apr 1978 at Dhee Goa Hindu Association,0,131,Vasant Kanetkar,Suryachi Pille,वसंत कानेटकर,सूर्याची पिल्ले,0,Comedy,विनोदी,1978,Vijay Kenkare,0,0,0,,0,,,0,0,,,https://mr.wikipedia.org/wiki/वसंत_कानेटकर,N,,,Vasant,Kanetkar,वसंत,कानेटकर
None,[Script Status] Auto-suggested 'Obtainable' from confirmed publication info; not yet confirmed.,0,11,Kashyap Deshpande,Square-One,कश्यप देशपांडे,स्क्वेअर वन,1,Sci-Fi,विज्ञानकथा,2024,Amol Lele,0,0,0,Unknown,0,Print,,0,6,,,,N,,Obtainable,Kashyap,Deshpande,कश्यप,देशपांडे
None,,0,39,Swati Ambole and Mandar Kulkarni,Stopwatch,स्वाती आंबोळे आणि मंदार कुळकर्णी,स्टॉपवॉच,1,,,2024,Mandar Kulkarni,0,0,0,,0,,,0,0,,,,,,,Swati,Ambole,स्वाती,आंबोळे
https://www.youtube.com/watch?v=NDCDvcTU6yA,,0,150,Pradeep Rane,Svagat Svagate,प्रदीप राणे,स्वगत स्वगते,0,,,2024,Vijay Kenkare,0,0,0,,0,,,0,0,,,,,,,Pradeep,Rane,प्रदीप,राणे
None,,0,73,Asha Sathe,Svayam,आशा साठे,स्वयंम,1,,,2024,Anand Ghanekar,0,0,0,,0,,,0,0,,,,,,,Asha,Sathe,आशा,साठे
none,,0,46,Prahlad Jadhav,Haravle Te Gavasle Ka,प्रल्हाद जाधव,हरवले ते गवसले का,1,,,2024,Avadhoot Bhambare,0,0,0,,0,,,0,0,,,,,,,Prahlad,Jadhav,प्रल्हाद,जाधव
None,,0,30,Samir Vidhwans,Half Pant,समीर विद्वांस,हाफ-पॅन्ट ,1,,,2024,Avadhoot Bhambare,0,0,0,,0,,,0,0,,,,,,,Samir,Vidhwans,समीर,विद्वांस
None,,0,112,Sujay Jadhav,Haperbola,सुजय जाधव,हायपर बोला,0,,,2024,Avadhoot Bhambare,0,0,0,,0,,,0,0,,,,,,,Sujay,Jadhav,सुजय,जाधव
none,,0,183,Rangey Raghav,Hindi Shakespeare,रंगेय राघव,हिंदी शेक्सपियर ,0,,,2024,Vijay Kenkare,0,0,0,,0,,,0,0,,,,,,,Rangey,Raghav,रंगेय,राघव
https://www.youtube.com/watch?v=QS8Uh-32kSY,,0,176,Baadal Sarkar,Hiroshima,बादल सरकार,हिरोशिमा,0,,,2024,Vijay Kenkare,0,0,0,,0,,,0,0,,,,,,,Baadal,Sarkar,बादल,सरकार
https://www.youtube.com/watch?v=xJCqRHsmkdQ,reading,89,105,Chetan Datar,Hello Inspector,चेतन दातार,हॅलो इंस्पेक्टर,2,,,2024,Mukund Marathe,0,0,0,,0,,,0,0,,,,,,,Chetan,Datar,चेतन,दातार
https://youtu.be/QrYttmKHTaM?si=dLqloM84I2FZm-SO,,0,108,Shivaji Deshmukh,Horpal,शिवाजी देशमुख,होरपळ,1,,,2024,,0,0,0,,0,,,0,0,,,,,,,Shivaji,Deshmukh,शिवाजी,देशमुख
,,,,,,,,,,,,,,,,,,,,,,,,,,,,,,,
https://www.youtube.com/watch?v=nh9Xz8u3LPA,,,,Hanoji Bala,Sangeet Hanoji Bala,होनाजी बाळा ,,,,,,,,,,,,,,,,,,,,,,Hanoji,Bala,होनाजी,बाळा
,[Research] One of Tendulkar's most acclaimed plays; author won Sahitya Akademi 1970 | [Synopsis source] https://en.wikipedia.org/wiki/Shantata!_Court_Chalu_Ahe | [Research: Availability follow-up],,194,Vijay Tendulkar,Shantata! Court Chalu Aahe,विजय तेंडुलकर,शांतता! कोर्ट चालू आहे,,,,1967,,0,0,0,,,Published — Popular Prakashan,,0,0,,,https://popularprakashan.com/mr/product-category/नाटक/page/7/,N,"A group of amateur actors rehearsing a play stage a mock courtroom trial to train a new recruit, casting fellow member Miss Benare as the accused on an invented charge of infanticide. The playacting turns real when the mock trial exposes her actual pregnancy from an affair with an absent colleague, and the group's improvised ""trial"" becomes a genuine, cruel interrogation of her private life.",Obtainable,Vijay,Tendulkar,विजय,तेंडुलकर
,"[Research] Landmark Marathi play, widely staged and translated | [Script Status] Auto-suggested 'Obtainable' from confirmed publication info; not yet confirmed. | [Synopsis source] https://en.wikipedia.org/wiki/Ghashiram_Kotwal",,195,Vijay Tendulkar,Ghashiram Kotwal,विजय तेंडुलकर,घाशीराम कोतवाल,,,,1972,,0,0,0,,,Published — Popular Prakashan,,0,0,,,https://mr.wikipedia.org/wiki/विजय_तेंडुलकर,N,"In 18th-century Pune, a Brahmin named Ghashiram, humiliated by the authorities, barters his own daughter to the powerful minister Nana Phadnavis in exchange for being made the city's police chief, and then rules with brutal, petty tyranny over its citizens. When his daughter dies after becoming pregnant by Nana, and Ghashiram's abuses of power provoke a Brahmin uprising, Nana abandons him to save his own position and has him executed with calculated cruelty.",Obtainable,Vijay,Tendulkar,विजय,तेंडुलकर
,"[Research] Major Tendulkar work, later filmed | [Synopsis source] https://en.wikipedia.org/wiki/Sakharam_Binder | [Research: Availability follow-up]",,196,Vijay Tendulkar,Sakharam Binder,विजय तेंडुलकर,सखाराम बाईंडर,,,,1972,,0,0,0,,,Published — Popular Prakashan,,0,0,,,https://popularprakashan.com/mr/product-category/नाटक/page/7/,N,"Sakharam, a bookbinder, takes in women cast off by their husbands, giving them shelter as live-in partners under his own rules of blunt ""honesty"" while insisting they remain free to leave whenever they wish. His self-styled arrangement, meant to replace marriage with something more truthful, instead proves emotionally devastating for the women involved, revealing the exploitation beneath his claims of granting them freedom.",Obtainable,Vijay,Tendulkar,विजय,तेंडुलकर
,[Research] Well-known Tendulkar play | [Script Status] Auto-suggested 'Obtainable' from confirmed publication info; not yet confirmed. | [Synopsis source] https://en.wikipedia.org/wiki/Vijay_Tendulkar,,197,Vijay Tendulkar,Gidhade,विजय तेंडुलकर,गिधाडे,,,,,,0,0,0,,,Published — Popular Prakashan,,0,0,,,https://mr.wikipedia.org/wiki/विजय_तेंडुलकर,N,"Written in 1961, the play is set within a family whose relationships have completely broken down, and uses that household's cruelty toward one another to explore violence in its various, often brutal forms. It is noted as a stylistic turning point for Tendulkar, who went on to examine domestic, sexual, communal, and political violence in his later work.",Obtainable,Vijay,Tendulkar,विजय,तेंडुलकर
,[Research] Early Tendulkar play | [Synopsis source] https://mr.wikipedia.org/wiki/श्रीमंत_(नाटक) | [Research: Availability follow-up],,198,Vijay Tendulkar,Shrimant,विजय तेंडुलकर,श्रीमंत,,,,,,0,0,0,,,Published — Popular Prakashan,,0,0,,,https://popularprakashan.com/mr/product-category/नाटक/page/7/,N,"Shridhar, a wealthy man proud of his riches, is confronted with scandal when his unmarried daughter becomes pregnant, and tries to protect the family's reputation by paying a poor young man to marry her. Tendulkar uses the episode to show that money can buy comfort and even a convenient marriage, but not morality or peace of mind.",Obtainable,Vijay,Tendulkar,विजय,तेंडुलकर
,[Research] Tendulkar play | [Synopsis source] https://mr.wikipedia.org/wiki/बेबी_(मराठी_नाटक) | [Research: Availability follow-up],,199,Vijay Tendulkar,Baby,विजय तेंडुलकर,बेबी,,,,,,0,0,0,,,Published — Popular Prakashan,,0,0,,,https://popularprakashan.com/mr/product-category/नाटक/page/5/,N,"Baby is a middle-aged, unmarried woman living in a Mumbai slum, silently enduring exploitation by her addict brother Raghu and brutal mistreatment, both physical and mental, from her landlord Shivappa. Through her passive suffering, Tendulkar probes the dormant violence and sadism latent in human nature and how vulnerable people absorb cruelty from those closest to them.",Obtainable,Vijay,Tendulkar,विजय,तेंडुलकर
,[Research] Tendulkar play | [Script Status] Auto-suggested 'Obtainable' from confirmed publication info; not yet confirmed. | [Synopsis source] https://mr.wikipedia.org/wiki/अशी_पाखरे_येती,,200,Vijay Tendulkar,Ashi Pakhare Yeti,विजय तेंडुलकर,अशी पाखरे येती,,,,,,0,0,0,,,Published — Popular Prakashan,,0,0,,,https://mr.wikipedia.org/wiki/विजय_तेंडुलकर,N,"A shy, self-doubting young woman named Saru has her quiet middle-class household disrupted when a warm, spirited visitor, Arun, comes to stay, and his presence gradually awakens her long-suppressed self-confidence and sense of self-worth.",Obtainable,Vijay,Tendulkar,विजय,तेंडुलकर
,[Research] Tendulkar play | [Synopsis source] https://mr.wikipedia.org/wiki/माणूस_नावाचे_बेट | [Research: Availability follow-up],,201,Vijay Tendulkar,Manus Navache Bet,विजय तेंडुलकर,माणूस नावाचे बेट,,,,,,0,0,0,,,Published — Popular Prakashan,,0,0,,,https://popularprakashan.com/mr/product-category/नाटक/page/6/,N,"Crowded into a single Mumbai tenement, the members of a middle-class family each nurse private desires, disappointments and dreams in isolation, remaining emotionally distant from one another even under the same roof, as economic hardship and social pressure grind down the younger generation.",Obtainable,Vijay,Tendulkar,विजय,तेंडुलकर
,"[Research] Sourced via web research, not yet confirmed by group. | [Script Status] Auto-suggested 'Obtainable' from confirmed publication info; not yet confirmed. | [Synopsis source] https://mr.wikipedia.org/wiki/एक_हट्टी_मुलगी",,202,Vijay Tendulkar,Ek Hatti Mulgi,विजय तेंडुलकर,एक हट्टी मुलगी,,,,,,0,0,0,,,Published — Popular Prakashan,,0,0,,,https://popularprakashan.com/mr/product-category/नाटक/page/2/,N,"A young woman from a middle-class family refuses to bow to the conventional roles and restrictions her family and society expect of her, insisting instead on her own right to shape her identity and choices.",Obtainable,Vijay,Tendulkar,विजय,तेंडुलकर
,"[Research] Sourced via web research, not yet confirmed by group. | [Script Status] Auto-suggested 'Obtainable' from confirmed publication info; not yet confirmed. | [Synopsis source] https://en.wikipedia.org/wiki/Vijay_Tendulkar",,203,Vijay Tendulkar,Kamala,विजय तेंडुलकर,कमला,,,,,,0,0,0,,,Published — Popular Prakashan,,0,0,,,https://popularprakashan.com/mr/product-category/नाटक/page/2/,N,"Based on a real incident, a Delhi journalist buys a woman named Kamala out of a rural sex-trafficking racket to expose police and political complicity in the trade, then abandons her once she is no longer useful to his story.",Obtainable,Vijay,Tendulkar,विजय,तेंडुलकर
,"[Research] Sourced via web research, not yet confirmed by group. | [Script Status] Auto-suggested 'Obtainable' from confirmed publication info; not yet confirmed.",,204,Vijay Tendulkar,Kavlyanchi Shala,विजय तेंडुलकर,कावळ्यांची शाळा,,,,,,0,0,0,,,Published — Popular Prakashan,,0,0,,,https://popularprakashan.com/mr/product-category/नाटक/page/2/,N,,Obtainable,Vijay,Tendulkar,विजय,तेंडुलकर
,[Research] Confirmed via mr.wikipedia.org | [Script Status] Auto-suggested 'Obtainable' from confirmed publication info; not yet confirmed. | [Synopsis source] https://mr.wikipedia.org/wiki/सुंदर_मी_होणार,,205,Pu La Deshpande,Sundar Mi Honar,पु.ल. देशपांडे,सुंदर मी होणार,,,,1958,,0,0,0,,,Published — BookGanga (also widely published in print),,0,0,,,https://www.bookganga.com/eBooks/Books/Index?CID=128,N,"In a former royal family struggling to adjust to life after independence and the merger of princely states, an autocratic maharaja's refusal to let go of old customs and pretensions stifles the individuality of his four children, until each of them, through growing self-awareness, finds their own path to a fuller life.",Obtainable,Pu La,Deshpande,पु.ल.,देशपांडे
,[Research] Popular Marathi adaptation of Pygmalion | [Genre detail] Adaptation (from G.B. Shaw's Pygmalion) | [Synopsis source] https://mr.wikipedia.org/wiki/ती_फुलराणी,,206,Pu La Deshpande,Ti Phulrani,पु.ल. देशपांडे,ती फुलराणी,,Adaptation,रूपांतर,1974,,0,0,0,,,,,0,0,,,https://mr.wikipedia.org/wiki/पु._ल._देशपांडे,N,"P. L. Deshpande's Marathi adaptation of Shaw's Pygmalion follows a phonetics professor who takes on a rough, common flower-seller, Manjula, as a project to remake through speech and manners into a refined lady, only for their relationship to grow more complicated as she comes into her own.",,Pu La,Deshpande,पु.ल.,देशपांडे
,[Research] Marathi adaptation of Brecht | [Genre detail] Adaptation (from Brecht's Threepenny Opera) | [Synopsis source] https://en.wikipedia.org/wiki/The_Threepenny_Opera,,207,Pu La Deshpande,Teen Paishacha Tamasha,पु.ल. देशपांडे,तीन पैशाचा तमाशा,,Adaptation,रूपांतर,1978,,0,0,0,,,,,0,0,,,https://mr.wikipedia.org/wiki/पु._ल._देशपांडे,N,"P. L. Deshpande's Marathi adaptation of Brecht's The Threepenny Opera carries over its dark, satirical tale of the roguish criminal Macheath, who secretly marries the beggar-boss's daughter Polly, prompting her father to scheme to have his unwanted new son-in-law hanged.",,Pu La,Deshpande,पु.ल.,देशपांडे
,[Research] Early Pu La adaptation | [Genre detail] Adaptation (from Gogol's The Government Inspector) | [Script Status] Auto-suggested 'Obtainable' from confirmed publication info; not yet confirmed. | [Synopsis source] https://mr.wikipedia.org/wiki/अंमलदार_(नाटक),,208,Pu La Deshpande,Ammaldar,पु.ल. देशपांडे,अंमलदार,,Adaptation,रूपांतर,1952,,0,0,0,,1952,Published — BookGanga (also widely published in print),,0,0,,,https://www.bookganga.com/eBooks/Books/Index?CID=128,N,"Ammaldar is Pu La Deshpande's Marathi adaptation of Nikolai Gogol's ""The Inspector General,"" in which a small town's corrupt officials mistake a visiting stranger for a powerful government inspector and fall over themselves trying to bribe and impress him to hide their misdeeds.",Obtainable,Pu La,Deshpande,पु.ल.,देशपांडे
,"[Research] Iconic, one of the most celebrated Marathi plays; author won Sahitya Akademi and Jnanpith; later a 2016 film | [Availability detail] Published — Popular Prakashan; BookGanga (also widely published in print) | [Script Status] Auto-suggested 'Obtainable' from confirmed publication info; not yet confirmed. | [Synopsis source] https://en.wikipedia.org/wiki/Natsamrat",,209,V. V. Shirwadkar (Kusumagraj),Natsamrat,वि. वा. शिरवाडकर (कुसुमाग्रज),नटसम्राट,,,,1970,,0,0,0,,1970,Published — Popular Prakashan,,0,0,,,https://en.wikipedia.org/wiki/Natsamrat,N,"Natsamrat, styled after Shakespeare's King Lear, follows Ganpatrao ""Appa"" Belwalkar, a celebrated veteran stage actor known as the ""Emperor of Actors,"" who retires and hands his wealth to his children, only to be cast out by his family for his blunt nature, and descends through the death of his wife, homelessness, and poverty until he dies delivering a final monologue amid the ruins of his beloved theatre.",Obtainable,V. V.,Shirwadkar,वि. वा.,शिरवाडकर
,[Research] Kusumagraj play,,210,V. V. Shirwadkar (Kusumagraj),Vaijayanti,वि. वा. शिरवाडकर (कुसुमाग्रज),वैजयंती,,,,,,0,0,0,,,,,0,0,,,https://mr.wikipedia.org/wiki/वि._वा._शिरवाडकर,N,,,V. V.,Shirwadkar,वि. वा.,शिरवाडकर
,[Research] Kusumagraj play | [Script Status] Auto-suggested 'Obtainable' from confirmed publication info; not yet confirmed.,,211,V. V. Shirwadkar (Kusumagraj),Ek Hoti Vaghin,वि. वा. शिरवाडकर (कुसुमाग्रज),एक होती वाघीण,,,,,,0,0,0,,,Published — Popular Prakashan,,0,0,,,https://mr.wikipedia.org/wiki/वि._वा._शिरवाडकर,N,,Obtainable,V. V.,Shirwadkar,वि. वा.,शिरवाडकर
,"[Research] Kusumagraj play, mythological theme | [Script Status] Auto-suggested 'Obtainable' from confirmed publication info; not yet confirmed.",,212,V. V. Shirwadkar (Kusumagraj),Kaikeyi,वि. वा. शिरवाडकर (कुसुमाग्रज),कैकेयी,,,,,,0,0,0,,,Published — Popular Prakashan,,0,0,,,https://mr.wikipedia.org/wiki/वि._वा._शिरवाडकर,N,,Obtainable,V. V.,Shirwadkar,वि. वा.,शिरवाडकर
,[Research] Kusumagraj play | [Synopsis source] https://en.wikipedia.org/wiki/Vishnu_Vaman_Shirwadkar,,213,V. V. Shirwadkar (Kusumagraj),Rajmukut,वि. वा. शिरवाडकर (कुसुमाग्रज),राजमुकुट,,,,,,0,0,0,,,,,0,0,,,https://mr.wikipedia.org/wiki/वि._वा._शिरवाडकर,N,"Rajmukut is Kusumagraj's 1954 Marathi adaptation of Shakespeare's Macbeth, retelling the story of a warrior-nobleman who, spurred by prophecy and his wife's ambition, murders his way to the throne and is then consumed by guilt and downfall.",,V. V.,Shirwadkar,वि. वा.,शिरवाडकर
,[Research] Kusumagraj play | [Research: Availability follow-up],,214,V. V. Shirwadkar (Kusumagraj),Vidushak,वि. वा. शिरवाडकर (कुसुमाग्रज),विदूषक,,,,,,0,0,0,,,Published — Popular Prakashan,,0,0,,,https://popularprakashan.com/mr/product-category/नाटक/page/6/,N,,Obtainable,V. V.,Shirwadkar,वि. वा.,शिरवाडकर
,"[Research] Sourced via web research, not yet confirmed by group. | [Script Status] Auto-suggested 'Obtainable' from confirmed publication info; not yet confirmed.",,215,V. V. Shirwadkar (Kusumagraj),Aanand,वि. वा. शिरवाडकर (कुसुमाग्रज),आनंद,,,,,,0,0,0,,,Published — Popular Prakashan,,0,0,,,https://popularprakashan.com/mr/product-category/नाटक/,N,,Obtainable,V. V.,Shirwadkar,वि. वा.,शिरवाडकर
,"[Research] Sourced via web research, not yet confirmed by group. | [Genre detail] Adaptation (from Shakespeare's Othello) | [Script Status] Auto-suggested 'Obtainable' from confirmed publication info; not yet confirmed.",,216,V. V. Shirwadkar (Kusumagraj),Othello (Marathi adaptation),वि. वा. शिरवाडकर (कुसुमाग्रज),ऑथेल्लो,,Adaptation,रूपांतर,,,0,0,0,,,Published — Popular Prakashan,,0,0,,,https://popularprakashan.com/mr/product-category/नाटक/page/2/,N,,Obtainable,V. V.,Shirwadkar,वि. वा.,शिरवाडकर
,"[Research] Sourced via web research, not yet confirmed by group. | [Script Status] Auto-suggested 'Obtainable' from confirmed publication info; not yet confirmed.",,217,V. V. Shirwadkar (Kusumagraj),Chandra Jithe Ugavat Nahi,वि. वा. शिरवाडकर (कुसुमाग्रज),चंद्र जिथे उगवत नाही,,,,,,0,0,0,,,Published — Popular Prakashan,,0,0,,,https://popularprakashan.com/mr/product-category/नाटक/page/3/,N,,Obtainable,V. V.,Shirwadkar,वि. वा.,शिरवाडकर
,"[Research] Sourced via web research, not yet confirmed by group. | [Script Status] Auto-suggested 'Obtainable' from confirmed publication info; not yet confirmed. | [Synopsis source] https://mr.wikipedia.org/wiki/सदाशिव_अमरापूरकर",,218,V. V. Shirwadkar / Sadashiv Amrapurkar,Kimyagar,वि. वा. शिरवाडकर / सदाशिव अमरापूरकर,किमयागार,,,,,,0,0,0,,,Published — Popular Prakashan,,0,0,,,https://popularprakashan.com/mr/product-category/नाटक/page/2/,N,A Marathi play by Sadashiv Amrapurkar dramatizing the life of Helen Keller and the teacher who taught her to communicate.,Obtainable,V. V.,Shirwadkar,वि. वा.,शिरवाडकर
,[Research] Well-known Kanetkar play | [Synopsis source] https://mr.wikipedia.org/wiki/वसंत_कानेटकर | [Research: Availability follow-up],,219,Vasant Kanetkar,Himalayachi Savli,वसंत कानेटकर,हिमालयाची सावली,,,,,,0,0,0,,,Published — Popular Prakashan,,0,0,,,https://mr.wikipedia.org/wiki/वसंत_कानेटकर,N,A biographical play by Vasant Kanetkar portraying the life of social reformer Maharshi Karve and his wife.,Obtainable,Vasant,Kanetkar,वसंत,कानेटकर
,[Research] Kanetkar play,,220,Vasant Kanetkar,Gaganbhedi,वसंत कानेटकर,गगनभेदी,,,,,,0,0,0,,,,,0,0,,,https://mr.wikipedia.org/wiki/वसंत_कानेटकर,N,,,Vasant,Kanetkar,वसंत,कानेटकर
,[Research] Kanetkar play | [Synopsis source] https://mr.wikipedia.org/wiki/वसंत_कानेटकर,,221,Vasant Kanetkar,Kasturimrug,वसंत कानेटकर,कस्तुरीमृग,,,,,,0,0,0,,,,,0,0,,,https://mr.wikipedia.org/wiki/वसंत_कानेटकर,N,A biographical play by Vasant Kanetkar based on the life of singer Hirabai Pednekar.,,Vasant,Kanetkar,वसंत,कानेटकर
,[Research] Well-known Kanetkar play on Sambhaji | [Synopsis source] https://mr.wikipedia.org/wiki/प्रभाकर_पणशीकर,,222,Vasant Kanetkar,Ithe Oshalala Mrutyu,वसंत कानेटकर,इथे ओशाळला मृत्यू,,,,,,0,0,0,,,,,0,0,,,https://mr.wikipedia.org/wiki/वसंत_कानेटकर,N,"A historical play by Vasant Kanetkar centered on the death of Chhatrapati Sambhaji, dramatizing his encounter with Aurangzeb.",,Vasant,Kanetkar,वसंत,कानेटकर
,"[Research] First part of Elkunchwar's celebrated Wada trilogy | [Research: Availability follow-up] Part of an anthology, not a standalone edition",,223,Mahesh Elkunchwar,Vada Chirebandi,महेश एलकुंचवार,वाडा चिरेबंदी,,,,,,0,0,0,,1985,"Published — Oxford University Press (in collected works vol. 1, 2008)",,0,0,,,https://mr.wikipedia.org/wiki/महेश_एलकुंचवार,N,,Obtainable,Mahesh,Elkunchwar,महेश,एलकुंचवार
,[Research] Third part of the Wada trilogy,,224,Mahesh Elkunchwar,Yugant,महेश एलकुंचवार,युगान्त,,,,,,0,0,0,,,,,0,0,,,https://mr.wikipedia.org/wiki/महेश_एलकुंचवार,N,,,Mahesh,Elkunchwar,महेश,एलकुंचवार
,[Research] Well-known Elkunchwar play | [Synopsis source] https://en.wikipedia.org/wiki/Sonata_(play) | [Research: Acts/Duration/Cast] Explicitly one-act; three named female characters (matches existing synopsis) (https://en.wikipedia.org/wiki/Sonata_(play)),,225,Mahesh Elkunchwar,Sonata,महेश एलकुंचवार,सोनाटा,1,,,,,0,3,0,,,,,0,0,,,https://mr.wikipedia.org/wiki/महेश_एलकुंचवार,N,"A play by Mahesh Elkunchwar about three single professional women sharing a life in Mumbai, once devoted to the women's movement, who gradually drift back toward the conventional pull of marriage and domestic life.",,Mahesh,Elkunchwar,महेश,एलकुंचवार
,[Research] Elkunchwar play | [Synopsis source] https://en.wikipedia.org/wiki/Aasakta_Kalamanch,,226,Mahesh Elkunchwar,Garbo,महेश एलकुंचवार,गार्बो,,,,,,0,0,0,,,,,0,0,,,https://mr.wikipedia.org/wiki/महेश_एलकुंचवार,N,"A play by Mahesh Elkunchwar centered on Garbo, an actress, and her three flatmates, Shrimant, Intuc, and Pansy.",,Mahesh,Elkunchwar,महेश,एलकुंचवार
,[Research] Landmark Alekar play using Marathi Natyasangeet/Sangeet Bari form | [Synopsis source] https://en.wikipedia.org/wiki/Satish_Alekar | [Research: Availability follow-up],,227,Satish Alekar,Begum Barve,सतीश आळेकर,बेगम बर्वे,,,,,,0,0,0,,,Published — Popular Prakashan,,0,0,,,https://popularprakashan.com/mr/product-category/नाटक/page/5/,N,"A play by Satish Alekar about a once-celebrated female impersonator from a defunct musical troupe, now exploited while eking out a living selling incense sticks, whose memories and fantasies intertwine with those of two lonely clerks until their shared daydream nearly becomes reality.",Obtainable,Satish,Alekar,सतीश,आळेकर
,"[Research] Acclaimed Alekar play, widely translated and staged | [Synopsis source] https://en.wikipedia.org/wiki/Satish_Alekar | [Research: Availability follow-up]",,228,Satish Alekar,Mahanirvan,सतीश आळेकर,महानिर्वाण,,,,,,0,0,0,,,Published — Popular Prakashan,,0,0,,,https://popularprakashan.com/mr/product-category/नाटक/page/5/,N,"A black comedy about a Brahmin family carrying out traditional Hindu death and funeral rites for a deceased elder, finding dark humor in the elaborate seriousness of the mourning rituals.",Obtainable,Satish,Alekar,सतीश,आळेकर
,[Research] Alekar play | [Research: Availability follow-up],,229,Satish Alekar,Mahapur,सतीश आळेकर,महापूर,,,,,,0,0,0,,,Published — Popular Prakashan,,0,0,,,https://popularprakashan.com/mr/product-category/नाटक/page/6/,N,,Obtainable,Satish,Alekar,सतीश,आळेकर
,"[Research] Sourced via web research, not yet confirmed by group. | [Script Status] Auto-suggested 'Obtainable' from confirmed publication info; not yet confirmed. | [Synopsis source] https://en.wikipedia.org/wiki/Satish_Alekar",,230,Satish Alekar,Atirekee,सतीश आळेकर,अतिरेकी,,,,,,0,0,0,,,Published — Popular Prakashan,,0,0,,,https://popularprakashan.com/mr/product-category/नाटक/,N,"An absurdist play built on irony and wit, taking off from deliberately absurd premises rather than a conventional narrative.",Obtainable,Satish,Alekar,सतीश,आळेकर
,"[Research] Stage adaptation, well-known Matkari work",,231,Ratnakar Matkari,Vyakti Ani Valli,रत्नाकर मतकरी,व्यक्ती आणि वल्ली,,,,,,0,0,0,,,,,0,0,,,https://mr.wikipedia.org/wiki/रत्नाकर_मतकरी,N,,,Ratnakar,Matkari,रत्नाकर,मतकरी
,[Research] Matkari play,,232,Ratnakar Matkari,Ashwamedh,रत्नाकर मतकरी,अश्वमेध,,,,,,0,0,0,,,,,0,0,,,https://mr.wikipedia.org/wiki/रत्नाकर_मतकरी,N,,,Ratnakar,Matkari,रत्नाकर,मतकरी
,[Research] Matkari play on Gandhi's last days | [Script Status] Auto-suggested 'Obtainable' from confirmed publication info; not yet confirmed.,,233,Ratnakar Matkari,Gandhi Antim Parva,रत्नाकर मतकरी,गांधी : अंतिम पर्व,,,,,,0,0,0,,,Published — Popular Prakashan,,0,0,,,https://mr.wikipedia.org/wiki/रत्नाकर_मतकरी,N,,Obtainable,Ratnakar,Matkari,रत्नाकर,मतकरी
,[Research] Landmark absurdist Marathi play | [Synopsis source] https://mr.wikipedia.org/wiki/चिंतामणी_त्र्यंबक_खानोलकर,,234,C. T. Khanolkar,Ek Shunya Bajirao,चिं. त्र्यं. खानोलकर,एक शून्य बाजीराव,,,,,,0,0,0,,1966,,,0,0,,,https://mr.wikipedia.org/wiki/चिं._त्र्यं._खानोलकर,N,"The play centers on the character Bajirao, who takes on many forms and guises (jester, storyteller, kirtan reciter, circus performer), using mime, Sanskrit verse and parody of folk theatre to explore suffering and philosophical questions about fate, sin and virtue.",,C. T.,Khanolkar,चिं. त्र्यं.,खानोलकर
,[Research] Acclaimed Khanolkar play | [Genre detail] Adaptation of Brecht's Caucasian Chalk Circle | [Synopsis source] https://en.wikipedia.org/wiki/Chintamani_Tryambak_Khanolkar,,235,C. T. Khanolkar,Ajab Nyay Vartulacha,चिं. त्र्यं. खानोलकर,अजब न्याय वर्तुळाचा,,Adaptation,रूपांतर,,,0,0,0,,1974,,,0,0,,,https://mr.wikipedia.org/wiki/चिं._त्र्यं._खानोलकर,N,"Khanolkar's Marathi adaptation of Bertolt Brecht's The Caucasian Chalk Circle, in which a servant girl rescues and raises an abandoned nobleman's child during a violent upheaval; when the birth mother later reclaims him, a shrewd judge settles the custody dispute with a chalk-circle test that favors the one who truly nurtured the child over the one who merely bore him.",,C. T.,Khanolkar,चिं. त्र्यं.,खानोलकर
,"[Research] Khanolkar play | [Synopsis source] https://en.wikipedia.org/wiki/Ankahee_(1985_film) — Source is the Wikipedia page for the 1985 Hindi film explicitly based on this play, not the stage play itself",,236,C. T. Khanolkar,Kalay Tasmai Namah,चिं. त्र्यं. खानोलकर,कालाय तस्मै नमः,,,,,,0,0,0,,1972,,,0,0,,,https://mr.wikipedia.org/wiki/चिं._त्र्यं._खानोलकर,N,"As adapted in the 1985 Hindi film Ankahee, which is explicitly based on this play, the story follows an astrologer whose prophecy holds that his son will marry twice because the first wife will die in childbirth; the son marries a musically gifted but developmentally disabled woman hoping to test the prophecy, and though she survives childbirth, his true love's suicide on the same day casts the prediction in a darker light.",,C. T.,Khanolkar,चिं. त्र्यं.,खानोलकर
,[Research] Khanolkar play,,237,C. T. Khanolkar,Sagesoyare,चिं. त्र्यं. खानोलकर,सगेसोयरे,,,,,,0,0,0,,1967,,,0,0,,,https://mr.wikipedia.org/wiki/चिं._त्र्यं._खानोलकर,N,,,C. T.,Khanolkar,चिं. त्र्यं.,खानोलकर
,"[Research] Well-known Dalvi play, later filmed | [Availability detail] Majestic Publications | [Script Status] Auto-suggested 'Obtainable' from confirmed publication info; not yet confirmed. | [Synopsis source] https://en.wikipedia.org/wiki/Jaywant_Dalvi",,238,Jaywant Dalvi,Purush,जयवंत दळवी,पुरुष,,,,,,0,0,0,,,Published — Majestic Publications,,0,0,,,https://mr.wikipedia.org/wiki/जयवंत_दळवी,N,"Purush dramatizes a woman's fight against the era's male chauvinism, centered on Anna, an idealistic social worker and freedom fighter who is publicly honored with a national award even as his own daughter suffers a sexual assault, exposing the hypocrisy behind his image.",Obtainable,Jaywant,Dalvi,जयवंत,दळवी
,[Research] Dalvi play | [Availability detail] Majestic Publications | [Script Status] Auto-suggested 'Obtainable' from confirmed publication info; not yet confirmed. | [Synopsis source] https://en.wikipedia.org/wiki/Jaywant_Dalvi,,239,Jaywant Dalvi,Suryast,जयवंत दळवी,सूर्यास्त,,,,,,0,0,0,,,Published — Majestic Publications,,0,0,,,https://mr.wikipedia.org/wiki/जयवंत_दळवी,N,"Suryast centers on a disillusioned freedom fighter, a role originated on stage by actor Nilu Phule.",Obtainable,Jaywant,Dalvi,जयवंत,दळवी
,"[Research] Sourced via web research, not yet confirmed by group. | [Script Status] Auto-suggested 'Obtainable' from confirmed publication info; not yet confirmed.",,240,Vijaya Rajadhyaksha,Om Shanti Shanti Shanti,विजया राजाध्यक्ष,ॐ शांतिः शांतिः शांति,,,,,,0,0,0,,,Published — Popular Prakashan,,0,0,,,https://popularprakashan.com/mr/product-category/नाटक/,N,,Obtainable,Vijaya,Rajadhyaksha,विजया,राजाध्यक्ष
,[Research] Marathi translation of Karnad's 'Agni Mattu Male' | [Script Status] Auto-suggested 'Obtainable' from confirmed publication info; not yet confirmed. | [Synopsis source] https://en.wikipedia.org/wiki/Agni_Varsha,,241,Girish Karnad (tr. Saroj Deshpande),Agni Ani Paus,गिरीश कर्नाड (अनु. सरोज देशपांडे),अग्नि आणि पाऊस,,,,,,0,0,0,,,Published — Popular Prakashan,,0,0,,,https://popularprakashan.com/mr/product-category/नाटक/,N,"Agni Ani Paus is Saroj Deshpande's Marathi rendering of Girish Karnad's The Fire and the Rain, a Mahabharata-based story of sage Raibhya's sons Paravasu and Aravasu amid a drought and a seven-year fire sacrifice to Indra; suspicion that Paravasu's wife Vishakha is involved with the ascetic Yavakri triggers a chain of killings that ends only when Paravasu immolates himself, prompting Indra to grant Aravasu a wish that finally brings rain.",Obtainable,Girish,Karnad,गिरीश,कर्नाड
,"[Research] Sourced via web research, not yet confirmed by group. | [Script Status] Auto-suggested 'Obtainable' from confirmed publication info; not yet confirmed.",,242,Ashok Patole,Agnidivya,अशोक पाटोळे,अग्निदिव्य,,,,,,0,0,0,,,Published — Popular Prakashan,,0,0,,,https://popularprakashan.com/mr/product-category/नाटक/,N,,Obtainable,Ashok,Patole,अशोक,पाटोळे
,[Research] Well-known contemporary play | [Script Status] Auto-suggested 'Obtainable' from confirmed publication info; not yet confirmed. | [Synopsis source] https://mr.wikipedia.org/wiki/काव्य_आणि_ललित_साहित्यातील_मुंबई,,243,Jayant Pawar,Adhantar,जयंत पवार,अधांतर,,,,,,0,0,0,,,Published — Popular Prakashan,,0,0,,,https://popularprakashan.com/mr/product-category/नाटक/,N,Adhantar portrays the ruin and disintegration of a Mumbai textile-mill worker's family in the wake of the historic mill workers' strike.,Obtainable,Jayant,Pawar,जयंत,पवार
,"[Research] Sourced via web research, not yet confirmed by group. | [Script Status] Auto-suggested 'Obtainable' from confirmed publication info; not yet confirmed. | [Synopsis source] https://en.wikipedia.org/wiki/Amar_Photo_Studio | [Research: Acts/Duration/Cast] Wikipedia states it is a two-act play (https://en.wikipedia.org/wiki/Amar_Photo_Studio)",,244,Manaswini Lata Ravindra,Amar Photo Studio,मनस्विनी लता रवींद्र,अमर फोटो स्टुडिओ,2,,,,,0,0,0,,,Published — Popular Prakashan,,0,0,,,https://popularprakashan.com/mr/product-category/नाटक/,N,"In Amar Photo Studio, a quarrelling young couple, Apu and Tanu, visit an old photo studio where a magical photograph sends each of them into the past; Apu meets a 1942-era actress and Tanu encounters a hippie who turns out to be her own father, and the experience helps them see their petty conflicts in perspective and reconcile.",Obtainable,Manaswini Lata,Ravindra,मनस्विनी लता,रवींद्र
,"[Research] Sourced via web research, not yet confirmed by group. | [Script Status] Auto-suggested 'Obtainable' from confirmed publication info; not yet confirmed.",,245,Sai Paranjpye,Aalbel,सई परांजपे,आलबेल,,,,,,0,0,0,,,Published — Popular Prakashan,,0,0,,,https://popularprakashan.com/mr/product-category/नाटक/,N,,Obtainable,Sai,Paranjpye,सई,परांजपे
,"[Research] Sourced via web research, not yet confirmed by group. | [Script Status] Auto-suggested 'Obtainable' from confirmed publication info; not yet confirmed.",,246,Makarand Sathe,Ashadh Baar,मकरंद साठे,आषाढ बार,,,,,,0,0,0,,,Published — Popular Prakashan,,0,0,,,https://popularprakashan.com/mr/product-category/नाटक/,N,,Obtainable,Makarand,Sathe,मकरंद,साठे
,"[Research] Sourced via web research, not yet confirmed by group. | [Script Status] Auto-suggested 'Obtainable' from confirmed publication info; not yet confirmed.",,247,Sai Paranjpye,Ivalese Rop,सई परांजपे,इवलेसे रोप,,,,,,0,0,0,,,Published — Popular Prakashan,,0,0,,,https://popularprakashan.com/mr/product-category/नाटक/,N,,Obtainable,Sai,Paranjpye,सई,परांजपे
,[Research] Landmark modern Marathi play | [Script Status] Auto-suggested 'Obtainable' from confirmed publication info; not yet confirmed.,,248,Govind Purushottam Deshpande,Udhwasta Dharmashala,गोविंद पुरुषोत्तम देशपांडे,उध्वस्त धर्मशाळा,,,,,,0,0,0,,,Published — Popular Prakashan,,0,0,,,https://popularprakashan.com/mr/product-category/नाटक/,N,,Obtainable,Govind Purushottam,Deshpande,गोविंद पुरुषोत्तम,देशपांडे
,"[Research] Sourced via web research, not yet confirmed by group. | [Script Status] Auto-suggested 'Obtainable' from confirmed publication info; not yet confirmed.",,249,Prajakt Deshmukh,Ekadashavatar Ityadi,प्राजक्त देशमुख,एकादशावतार इत्यादी,,,,,,0,0,0,,,Published — Popular Prakashan,,0,0,,,https://popularprakashan.com/mr/product-category/नाटक/page/2/,N,,Obtainable,Prajakt,Deshmukh,प्राजक्त,देशमुख
,"[Research] Sourced via web research, not yet confirmed by group. | [Script Status] Auto-suggested 'Obtainable' from confirmed publication info; not yet confirmed. | [Synopsis source] https://mr.wikipedia.org/wiki/तारा_बेनोडिक्ट_रिचर्ड्स_वनारसे",,250,Tara Vanarse,Kaksha,तारा वनारसे,कक्षा,,,,,,0,0,0,,,Published — Popular Prakashan,,0,0,,,https://popularprakashan.com/mr/product-category/नाटक/page/2/,N,"Published in 1955, this play by Tara Vanarse conveys the inner emotional turmoil of its female protagonist directly to the audience, and it was noted at the time for bringing a new turn to Marathi theatre.",Obtainable,Tara,Vanarse,तारा,वनारसे
,[Research] Classic musical drama; later adapted into a 2015 film | [Genre detail] Musical drama (sangeet natak) | [Script Status] Auto-suggested 'Obtainable' from confirmed publication info; not yet confirmed. | [Synopsis source] https://en.wikipedia.org/wiki/Katyar_Kaljat_Ghusali_(play),,251,Purushottam Darvhekar,Katyar Kaljat Ghusali,पुरुषोत्तम दारव्हेकर,कट्यार काळजात घुसली,,Musical (Sangeet Natak),संगीत नाटक,,,0,0,0,,,Published — Popular Prakashan,,0,0,,,https://popularprakashan.com/mr/product-category/नाटक/page/2/,N,"A proud classical vocalist known as Khansaheb jealously guards his gharana's secret style; when a young singer, Sadashiv Gurav, once trained by the previous royal musician Pandit Bhanushankar Shastri, is refused tutelage over stylistic differences, he secretly studies Khansaheb's technique, and after being caught and confronted with the ceremonial dagger (katyar), his performance blending both traditions changes the outcome.",Obtainable,Purushottam,Darvhekar,पुरुषोत्तम,दारव्हेकर
,"[Research] Sourced via web research, not yet confirmed by group. | [Script Status] Auto-suggested 'Obtainable' from confirmed publication info; not yet confirmed.",,252,Girish Karnad (tr. Saroj Deshpande),Katesawari,गिरीश कर्नाड (अनु. सरोज देशपांडे),काटेसावरी,,,,,,0,0,0,,,Published — Popular Prakashan,,0,0,,,https://popularprakashan.com/mr/product-category/नाटक/page/2/,N,,Obtainable,Girish,Karnad,गिरीश,कर्नाड
,"[Research] Sourced via web research, not yet confirmed by group. | [Script Status] Auto-suggested 'Obtainable' from confirmed publication info; not yet confirmed. | [Synopsis source] https://mr.wikipedia.org/wiki/काय_डेंजर_वारा_सुटलाय",,253,Jayant Pawar,Kay Danger Vaara Sutlay,जयंत पवार,काय डेंजर वारा सुटलाय!,,,,,,0,0,0,,,Published — Popular Prakashan,,0,0,,,https://popularprakashan.com/mr/product-category/नाटक/page/2/,N,"Satyavijay Dabhade, an honest middle-class insurance officer who has lived for thirty years with his family in a sea-facing Mumbai flat, refuses to sell it to a builder; when money fails to move him, the builder sends impostors who forcibly occupy part of his home while the police stall, and the ensuing events expose the hollowness of the police, judicial, and political systems amid the corruption and inequality of the globalization era.",Obtainable,Jayant,Pawar,जयंत,पवार
,"[Research] Sourced via web research, not yet confirmed by group. | [Script Status] Auto-suggested 'Obtainable' from confirmed publication info; not yet confirmed.",,254,Shafaat Khan,Gandhi Aadva Yeto,शफाअत खान,गांधी आडवा येतो,,,,,,0,0,0,,,Published — Popular Prakashan,,0,0,,,https://popularprakashan.com/mr/product-category/नाटक/page/2/,N,,Obtainable,Shafaat,Khan,शफाअत,खान
,[Research] Later adapted into a film | [Script Status] Auto-suggested 'Obtainable' from confirmed publication info; not yet confirmed.,,255,Ajit Dalvi,Gandhi Viruddha Gandhi,अजित दळवी,गांधी विरुद्ध गांधी,,,,,,0,0,0,,,Published — Popular Prakashan,,0,0,,,https://popularprakashan.com/mr/product-category/नाटक/page/2/,N,,Obtainable,Ajit,Dalvi,अजित,दळवी
,"[Research] Sourced via web research, not yet confirmed by group. | [Script Status] Auto-suggested 'Obtainable' from confirmed publication info; not yet confirmed.",,256,Prashant Dalvi,Get Well Soon,प्रशांत दळवी,गेट वेल सून,,,,,,0,0,0,,,Published — Popular Prakashan,,0,0,,,https://popularprakashan.com/mr/product-category/नाटक/page/3/,N,,Obtainable,Prashant,Dalvi,प्रशांत,दळवी
,"[Research] Very popular, long-running Marathi play | [Script Status] Auto-suggested 'Obtainable' from confirmed publication info; not yet confirmed. | [Synopsis source] https://www.mumbaitheatreguide.com/dramas/reviews/charchaughi-marathi-play-review.asp | [Research: Acts/Duration/Cast] Review names a mother + 3 daughters (4F) and 3 male characters; matches existing synopsis (https://www.mumbaitheatreguide.com/dramas/reviews/charchaughi-marathi-play-review.asp)",,257,Prashant Dalvi,Charchaughi,प्रशांत दळवी,चारचौघी,,,,,,3,4,0,,,Published — Popular Prakashan,,0,0,,,https://popularprakashan.com/mr/product-category/नाटक/page/3/,N,"Set in Pune in the early 1990s, the play follows a mother and her three daughters, born out of wedlock from her affair with a married man, as each confronts her own struggles with love and independence: the eldest is heading toward divorce, the second is her family's overburdened breadwinner, and the youngest, still in college, holds unconventional ideas about love.",Obtainable,Prashant,Dalvi,प्रशांत,दळवी
,"[Research] Sourced via web research, not yet confirmed by group. | [Script Status] Auto-suggested 'Obtainable' from confirmed publication info; not yet confirmed.",,258,Prashant Dalvi,Chahul,प्रशांत दळवी,चाहूल,,,,,,0,0,0,,,Published — Popular Prakashan,,0,0,,,https://popularprakashan.com/mr/product-category/नाटक/page/3/,N,,Obtainable,Prashant,Dalvi,प्रशांत,दळवी
,"[Research] Sourced via web research, not yet confirmed by group. | [Script Status] Auto-suggested 'Obtainable' from confirmed publication info; not yet confirmed. | [Synopsis source] https://en.wikipedia.org/wiki/The_Dreams_of_Tipu_Sultan",,259,Girish Karnad (tr. Uma Kulkarni),Tipu Sultanche Swapna,गिरीश कर्नाड (अनु. उमा कुलकर्णी),टिपू सुलतानचे स्वप्न,,,,,,0,0,0,,,Published — Popular Prakashan,,0,0,,,https://popularprakashan.com/mr/product-category/नाटक/page/3/,N,"Drawing on a Persian manuscript in which Tipu Sultan recorded his own dreams, the play dramatizes the final years of the Mysore ruler's life through the contrasting viewpoints of an Indian court historian and a British Orientalist, using four of his recorded dreams to revisit his clashes with the Marathas and the British and to challenge colonial-era portrayals of him as a ruthless tyrant.",Obtainable,Girish,Karnad,गिरीश,कर्नाड
,"[Research] Sourced via web research, not yet confirmed by group. | [Script Status] Auto-suggested 'Obtainable' from confirmed publication info; not yet confirmed.",,260,Ajit Dalvi,Doctor! Tumhisuddha,अजित दळवी,डॉक्टर! तुम्हीसुद्धा,,,,,,0,0,0,,,Published — Popular Prakashan,,0,0,,,https://popularprakashan.com/mr/product-category/नाटक/page/3/,N,,Obtainable,Ajit,Dalvi,अजित,दळवी
,"[Research] Sourced via web research, not yet confirmed by group. | [Script Status] Auto-suggested 'Obtainable' from confirmed publication info; not yet confirmed. | [Synopsis source] https://en.wikipedia.org/wiki/Taledanda",,261,Girish Karnad (tr. Uma Kulkarni),Taledand,गिरीश कर्नाड (अनु. उमा कुलकर्णी),तलेदण्ड,,,,,,0,0,0,,,Published — Popular Prakashan,,0,0,,,https://popularprakashan.com/mr/product-category/नाटक/page/3/,N,"Set in 12th-century Kalyana during the social reform movement led by Basavanna, which championed equality and rejected caste and idol worship, the play traces how the movement's ideals unravel into violence after a marriage between a Brahmin girl and a cobbler's son triggers a caste backlash, plunging a once-prosperous society into bloodshed and anarchy.",Obtainable,Girish,Karnad,गिरीश,कर्नाड
,"[Research] Sourced via web research, not yet confirmed by group. | [Script Status] Auto-suggested 'Obtainable' from confirmed publication info; not yet confirmed.",,262,Shekhar Tamhane,Tinhisaanj,शेखर ताम्हाणे,तिन्हीसांज,,,,,,0,0,0,,,Published — Popular Prakashan,,0,0,,,https://popularprakashan.com/mr/product-category/नाटक/page/3/,N,,Obtainable,Shekhar,Tamhane,शेखर,ताम्हाणे
,"[Research] Sourced via web research, not yet confirmed by group. | [Script Status] Auto-suggested 'Obtainable' from confirmed publication info; not yet confirmed. | [Synopsis source] https://www.mumbaitheatreguide.com/dramas/reviews/bhumika-chandrakant-kulkarni-marathi-play-review.asp",,263,Kshitij Patwardhan,Bhumika,क्षितिज पटवर्धन,भूमिका,,,,,,0,0,0,,,Published — Rajhans Prakashan,,0,0,,,https://www.rajhansprakashan.com/category/nataka,N,"The play follows Vivek Jayant, a celebrated actor who takes on the role of a towering historical figure, only to find his deep immersion in the character's ideology and mannerisms gradually consuming his own identity and straining his relationships with his wife and daughter, exploring how performance can blur into reality.",Obtainable,Kshitij,Patwardhan,क्षितिज,पटवर्धन
,"[Research] Sourced via web research, not yet confirmed by group. | [Script Status] Auto-suggested 'Obtainable' from confirmed publication info; not yet confirmed.",,264,Shekhar Dhavalikar,Savdhan! Shubhamangal,शेखर ढवळीकर,सावधान! शुभमंगल,,,,,,0,0,0,,,Published — Rajhans Prakashan,,0,0,,,https://www.rajhansprakashan.com/category/nataka,N,,Obtainable,Shekhar,Dhavalikar,शेखर,ढवळीकर
,"[Research] Sourced via web research, not yet confirmed by group. | [Script Status] Auto-suggested 'Obtainable' from confirmed publication info; not yet confirmed.",,265,Shekhar Dhavalikar,Remote Control,शेखर ढवळीकर,रिमोट कंट्रोल,,,,,,0,0,0,,,Published — Rajhans Prakashan,,0,0,,,https://www.rajhansprakashan.com/category/nataka,N,,Obtainable,Shekhar,Dhavalikar,शेखर,ढवळीकर
,"[Research] Sourced via web research, not yet confirmed by group. | [Script Status] Auto-suggested 'Obtainable' from confirmed publication info; not yet confirmed.",,266,P. K. Kulkarni,Parmeshwaracha Computer,प्रि. खं. कुलकर्णी,परमेश्वराचा कॉम्प्युटर,,,,,,0,0,0,,,Published — Rajhans Prakashan,,0,0,,,https://www.rajhansprakashan.com/category/nataka,N,,Obtainable,P. K.,Kulkarni,प्रि. खं.,कुलकर्णी
,"[Research] Sourced via web research, not yet confirmed by group. | [Script Status] Auto-suggested 'Obtainable' from confirmed publication info; not yet confirmed.",,267,Shekhar Dhavalikar,Bahurupee,शेखर ढवळीकर,बहुरुपी,,,,,,0,0,0,,,Published — Rajhans Prakashan,,0,0,,,https://www.rajhansprakashan.com/category/nataka,N,,Obtainable,Shekhar,Dhavalikar,शेखर,ढवळीकर
,"[Research] Sourced via web research, not yet confirmed by group. | [Script Status] Auto-suggested 'Obtainable' from confirmed publication info; not yet confirmed.",,268,Shrikant Patil,Bahurangi Bahudhangi Natyachhata,श्रीकांत पाटील,बहुरंगी बहुढंगी नाट्यछटा,,Collection of dramatic monologues (natyachhata),नाट्यछटा संग्रह,,,0,0,0,,,Published — Dilipraj Prakashan,,0,0,,,https://www.diliprajprakashan.in/collections/नाटके-एकांकिका,N,,Obtainable,Shrikant,Patil,श्रीकांत,पाटील
,"[Research] Sourced via web research, not yet confirmed by group. | [Script Status] Auto-suggested 'Obtainable' from confirmed publication info; not yet confirmed.",,269,Bharat Sasane,Duschinha Ani Chafyache Phul,भारत सासणे,दुश्चिन्ह आणि चाफ्याचे फूल,,,,,,0,0,0,,,Published — Dilipraj Prakashan,,0,0,,,https://www.diliprajprakashan.in/collections/नाटके-एकांकिका,N,,Obtainable,Bharat,Sasane,भारत,सासणे
,"[Research] Sourced via web research, not yet confirmed by group. | [Genre detail] Collection of three plays | [Script Status] Auto-suggested 'Obtainable' from confirmed publication info; not yet confirmed.",,270,Bharat Sasane,Bharat Sasane Yanchi Natya-Trayi,भारत सासणे,भारत सासणे यांची नाट्यत्रयी,,Anthology/Collection,संग्रह,,,0,0,0,,,Published — Dilipraj Prakashan,,0,0,,,https://www.diliprajprakashan.in/collections/नाटके-एकांकिका,N,,Obtainable,Bharat,Sasane,भारत,सासणे
,[Research] Classic sangeet natak; confirmed via mr.wikipedia.org | [Genre detail] Comic musical drama (sangeet natak) | [Script Status] Auto-suggested 'Obtainable' from confirmed publication info; not yet confirmed. | [Synopsis source] https://mr.wikipedia.org/wiki/संगीत_संशयकल्लोळ,,271,Govind Ballal Deval,Sanshaya Kallol,गोविंद बल्लाळ देवल,संशयकल्लोळ (संगीत संशयकल्लोळ),,Musical (Sangeet Natak),संगीत नाटक,1916,,0,0,0,,1894,Published — BookGanga (also widely published in print),,0,0,,,https://www.bookganga.com/eBooks/Books/Index?CID=128,N,"A comedic musical play (first performed 1916 by the Gandharva Natak Mandali) centered on the married couple Ashwinshet and Revati, whose harmony is disrupted by the scheming, jealous pair Falgunrao and his wife Krittika; escalating mutual suspicion (""sanshay"") among characters named after lunar asterisms spirals into a web of misunderstandings before being resolved.",Obtainable,Govind Ballal,Deval,गोविंद बल्लाळ,देवल
